user_id,age,gender,income,browsing_time,cart_items,purchase_frequency,discount_usage,avg_spending,preferred_category,late_night_activity,impulsive_clicks,buying_mood
U00001,31.957621486631425,Male,84966.9,55.25,2,5.36,6.28,64.6,Beauty,39.9,1,Window Shopper
U00002,21.90272986904042,Male,33242.65,20.66,7,7.3,77.26,112.36,Groceries,19.82,6,Budget Conscious
U00003,28.455977669554088,Male,51653.65,42.33,9,4.23,79.2,137.49,Beauty,67.28,13,Emotional Buyer
U00004,30.59320605705509,Male,60786.47,32.85,2,2.04,23.2,65.91,Beauty,16.99,0,Window Shopper
U00005,25.80311457805541,Male,36821.58,33.58,4,0.83,0.0,255.05,Fashion,74.53,12,Impulsive Buyer
U00006,32.39387002369876,Female,46231.22,35.69,9,3.21,49.03,259.97,Fashion,88.14,3,Emotional Buyer
U00007,23.64404860776128,Male,57004.12,38.12,2,3.33,32.98,71.66,Fashion,19.36,3,Window Shopper
U00008,31.904908008276127,Female,51814.71,65.18,5,1.83,49.97,56.5,Fashion,39.32,1,Window Shopper
U00009,23.84215786060689,Female,51394.02,37.57,6,5.45,30.65,63.59,Electronics,95.16,19,Impulsive Buyer
U00010,40.82139641735615,Non-binary,40334.64,26.38,8,2.94,88.13,96.87,Groceries,15.9,2,Budget Conscious
U00011,40.938898008069025,Male,115297.84,10.71,7,8.84,2.87,300.22,Luxury,27.25,4,Luxury Shopper
U00012,27.754660660782996,Non-binary,50185.42,26.14,1,3.59,34.17,170.57,Beauty,82.84,7,Emotional Buyer
U00013,27.41216209914841,Female,72813.91,33.85,3,4.51,15.92,73.2,Beauty,18.91,0,Window Shopper
U00014,34.45663813426394,Male,48975.7,21.86,9,3.48,28.56,167.5,Beauty,93.09,11,Emotional Buyer
U00015,50.83873294737552,Male,44492.44,12.12,6,11.35,100.0,152.9,Home,25.87,2,Budget Conscious
U00016,49.45719897618409,Female,134042.07,20.11,5,11.11,38.06,398.14,Electronics,34.88,4,Luxury Shopper
U00017,45.97401889381491,Female,41410.85,27.57,5,11.65,96.13,108.63,Groceries,0.0,3,Budget Conscious
U00018,25.07449495840503,Male,60700.57,19.95,13,4.15,17.1,234.42,Electronics,79.23,19,Impulsive Buyer
U00019,32.030813044508704,Female,54660.6,30.08,2,3.99,44.93,123.93,Beauty,83.52,3,Emotional Buyer
U00020,21.526600777154833,Non-binary,83325.54,56.49,2,2.82,33.87,100.98,Fashion,23.02,3,Budget Conscious
U00021,30.322429264562942,Female,68141.24,54.12,2,1.4,32.74,96.43,Fashion,21.48,2,Window Shopper
U00022,31.890211399990008,Female,141191.72,23.11,3,11.04,13.52,449.34,Luxury,20.27,3,Luxury Shopper
U00023,47.88516224307928,Male,53325.76,36.54,2,5.26,20.49,245.49,Beauty,65.57,15,Emotional Buyer
U00024,35.66004885351541,Female,41492.98,16.13,10,3.45,52.26,287.61,Beauty,73.69,10,Emotional Buyer
U00025,35.26105001731488,Male,46192.1,33.93,2,2.62,27.56,56.0,Beauty,32.05,3,Window Shopper
U00026,22.23820208411414,Male,49667.18,42.37,10,3.56,57.43,113.75,Fashion,81.85,11,Impulsive Buyer
U00027,40.30660343595483,Female,40761.68,28.71,5,8.76,91.02,121.05,Home,32.28,4,Budget Conscious
U00028,22.158136738009297,Male,46422.09,33.98,12,3.66,31.69,178.49,Fashion,66.1,14,Impulsive Buyer
U00029,18.868104325392025,Male,53826.99,36.55,6,7.71,21.8,188.2,Electronics,48.8,8,Impulsive Buyer
U00030,19.11193322839718,Male,56032.07,35.21,2,4.54,25.79,90.34,Fashion,23.24,2,Window Shopper
U00031,32.735781635562795,Male,63733.16,30.06,2,5.67,32.69,71.65,Fashion,22.91,2,Window Shopper
U00032,33.040696546787075,Male,50888.89,29.67,10,5.96,29.92,173.95,Beauty,85.75,6,Emotional Buyer
U00033,31.125698084584084,Male,107771.56,9.88,2,6.85,4.99,359.59,Luxury,27.17,5,Luxury Shopper
U00034,19.37096086099152,Female,160238.83,26.6,10,8.84,12.91,460.25,Luxury,15.14,5,Luxury Shopper
U00035,28.69862330912116,Male,42089.28,31.14,6,13.66,75.43,77.33,Home,9.16,2,Budget Conscious
U00036,29.696652336576182,Non-binary,41048.4,30.64,14,5.72,41.12,101.52,Fashion,79.01,10,Impulsive Buyer
U00037,26.5316286884443,Male,45171.87,40.11,9,4.05,15.83,195.84,Electronics,56.83,12,Impulsive Buyer
U00038,33.53465659536068,Male,50610.48,20.77,3,11.26,97.91,105.08,Groceries,8.13,3,Budget Conscious
U00039,41.84356267004882,Female,127063.47,25.49,1,4.21,7.3,500.7,Luxury,15.89,3,Luxury Shopper
U00040,29.820081722270622,Male,44774.12,46.54,1,1.67,14.18,66.57,Fashion,27.02,0,Window Shopper
U00041,42.166554735801164,Non-binary,42275.73,24.82,4,11.41,69.64,146.65,Groceries,5.65,5,Budget Conscious
U00042,26.0100786055302,Female,32521.79,14.03,3,5.53,55.07,244.41,Fashion,76.62,13,Emotional Buyer
U00043,41.007778739264616,Female,58934.05,30.82,1,2.29,20.15,104.95,Fashion,18.83,5,Window Shopper
U00044,36.1712700933877,Male,134218.33,19.8,8,10.4,16.63,564.26,Luxury,23.32,3,Emotional Buyer
U00045,36.07005376891486,Male,57988.45,26.42,9,4.86,45.96,77.8,Beauty,100.0,6,Emotional Buyer
U00046,33.92040770947368,Male,65606.83,51.33,1,2.49,30.19,65.82,Fashion,23.43,3,Window Shopper
U00047,29.743129619753425,Female,136269.49,10.65,11,9.34,37.24,375.97,Electronics,24.25,5,Luxury Shopper
U00048,42.081155253025244,Female,125114.77,20.76,2,10.02,40.06,493.01,Electronics,38.42,8,Luxury Shopper
U00049,24.94111417524362,Male,50390.13,44.06,0,4.24,29.34,125.06,Fashion,25.91,5,Window Shopper
U00050,37.708822563712864,Male,69259.54,31.64,8,3.72,26.81,56.08,Fashion,76.73,19,Impulsive Buyer
U00051,35.2403093017985,Male,63763.57,44.09,9,3.62,25.06,199.4,Fashion,81.99,14,Impulsive Buyer
U00052,28.902607326202343,Male,59263.16,17.24,11,5.86,30.99,219.72,Electronics,62.91,11,Window Shopper
U00053,24.514009054510463,Male,71290.45,46.67,3,0.85,1.28,134.28,Fashion,13.05,1,Window Shopper
U00054,41.31710201628383,Male,36586.83,45.13,2,2.39,29.68,45.18,Fashion,30.04,2,Window Shopper
U00055,24.024907804995213,Male,76686.55,50.34,2,2.41,18.72,140.32,Fashion,17.96,3,Window Shopper
U00056,30.326550033261785,Male,59548.07,39.11,0,0.2,18.16,66.24,Beauty,29.51,3,Luxury Shopper
U00057,18.091834807304355,Male,26897.74,12.67,5,8.81,53.48,107.8,Groceries,9.31,1,Budget Conscious
U00058,33.69794736701487,Female,33082.24,37.67,2,8.36,74.19,96.24,Groceries,10.0,5,Budget Conscious
U00059,24.036858688160063,Female,70114.61,17.1,7,4.67,31.04,150.03,Electronics,70.87,19,Impulsive Buyer
U00060,26.4333725531483,Male,23053.67,33.75,4,2.37,11.62,289.1,Fashion,59.71,12,Impulsive Buyer
U00061,25.938896705996385,Male,71275.42,40.98,3,2.01,41.81,128.41,Fashion,24.25,3,Window Shopper
U00062,39.52986181165618,Male,32785.26,24.87,4,9.5,63.06,112.77,Groceries,28.89,4,Budget Conscious
U00063,26.721532559156675,Female,47294.39,26.8,5,8.28,75.14,142.19,Groceries,7.19,4,Budget Conscious
U00064,38.51113989253826,Male,62521.43,31.44,3,2.04,29.64,101.51,Beauty,22.08,0,Window Shopper
U00065,32.72441530287024,Female,56689.24,47.75,0,4.41,61.77,121.33,Beauty,43.43,3,Window Shopper
U00066,39.268547300435515,Male,44698.18,22.95,2,10.52,64.56,148.66,Groceries,0.0,5,Budget Conscious
U00067,36.836492723233725,Male,50813.14,22.45,5,10.6,79.99,110.96,Groceries,17.89,1,Budget Conscious
U00068,37.72169646926265,Male,151290.56,19.62,5,8.09,12.63,545.03,Luxury,30.97,4,Luxury Shopper
U00069,31.355896702655816,Male,71263.94,23.25,8,4.96,16.94,164.02,Electronics,78.18,5,Impulsive Buyer
U00070,19.228886373981606,Female,44961.28,22.19,1,9.99,78.61,160.63,Groceries,9.0,2,Budget Conscious
U00071,31.952905280246405,Female,113204.77,3.22,6,4.36,7.47,349.04,Luxury,16.0,4,Luxury Shopper
U00072,35.47938404733826,Male,43116.24,17.5,3,11.65,85.34,118.57,Groceries,20.89,1,Budget Conscious
U00073,22.871250004666397,Male,62956.41,15.5,6,5.02,57.77,164.38,Beauty,69.62,11,Emotional Buyer
U00074,61.59075122587346,Male,135834.72,16.23,5,13.83,0.52,450.43,Luxury,29.51,6,Luxury Shopper
U00075,32.27217533039611,Female,58083.39,35.28,9,4.41,32.21,187.93,Fashion,97.25,5,Impulsive Buyer
U00076,40.33660132812756,Female,131119.2,21.65,6,7.57,15.14,484.24,Luxury,29.07,5,Luxury Shopper
U00077,28.66005617963989,Female,129381.53,21.1,9,5.79,0.0,473.13,Electronics,15.28,6,Luxury Shopper
U00078,23.12709508317559,Female,41993.06,56.33,3,3.66,34.7,80.02,Fashion,26.92,1,Window Shopper
U00079,27.502839276852406,Female,49972.87,20.86,5,9.47,74.11,143.2,Groceries,13.16,2,Budget Conscious
U00080,24.087901830372296,Non-binary,55146.11,43.61,2,2.98,36.12,87.14,Fashion,23.57,0,Window Shopper
U00081,21.471736274815022,Male,59818.46,67.29,1,1.47,55.01,67.56,Beauty,20.35,2,Window Shopper
U00082,37.74992985627216,Female,29387.89,16.91,4,9.34,83.74,48.2,Groceries,11.32,1,Budget Conscious
U00083,40.133582860625886,Female,67156.58,32.71,5,2.8,54.32,294.6,Beauty,73.73,11,Emotional Buyer
U00084,28.219630587214443,Female,62546.87,33.62,5,7.26,38.93,171.74,Fashion,70.37,15,Impulsive Buyer
U00085,37.782173240757004,Male,61305.31,45.73,6,5.22,4.2,197.24,Fashion,78.37,11,Impulsive Buyer
U00086,32.480112640981346,Female,54392.37,39.1,16,4.46,48.08,251.61,Electronics,70.5,12,Impulsive Buyer
U00087,18.8564998579223,Male,66154.07,42.19,0,1.91,28.8,76.33,Fashion,33.79,4,Window Shopper
U00088,39.059871107197495,Male,37220.44,28.95,5,5.76,81.38,121.78,Home,30.94,2,Budget Conscious
U00089,35.882912348869624,Female,54695.24,22.01,10,8.93,53.48,369.96,Fashion,77.96,11,Impulsive Buyer
U00090,41.391659172224045,Male,39742.66,13.19,0,8.96,99.83,141.97,Groceries,16.33,2,Budget Conscious
U00091,23.330491773500757,Non-binary,58773.52,27.44,13,5.1,53.55,247.47,Fashion,54.58,12,Impulsive Buyer
U00092,26.574665658719134,Female,80107.56,42.48,0,3.12,10.4,78.53,Beauty,38.64,2,Window Shopper
U00093,32.81121074464294,Female,49837.54,20.54,2,13.92,90.25,209.37,Groceries,15.56,0,Budget Conscious
U00094,34.512322477909585,Male,120878.53,15.41,4,11.37,21.06,518.74,Luxury,17.2,2,Luxury Shopper
U00095,40.36128748902051,Male,115612.14,21.75,4,13.75,44.47,474.08,Electronics,33.22,1,Luxury Shopper
U00096,31.529181317134977,Male,70511.44,48.07,1,3.59,23.18,73.61,Beauty,35.52,1,Window Shopper
U00097,41.381379518266094,Male,139065.02,20.41,3,7.54,0.0,432.63,Luxury,44.57,3,Luxury Shopper
U00098,18.77105316056773,Female,51320.94,25.87,3,5.84,46.26,251.14,Electronics,67.63,8,Impulsive Buyer
U00099,30.97002842416025,Male,61536.67,30.99,9,2.47,44.11,316.68,Fashion,67.81,11,Impulsive Buyer
U00100,20.908246813497986,Male,62830.15,21.94,2,0.2,57.29,169.08,Beauty,73.67,1,Emotional Buyer
U00101,26.151619565203656,Female,79393.36,34.01,5,5.45,54.52,312.25,Fashion,48.42,12,Emotional Buyer
U00102,24.893468768913003,Male,48707.12,28.79,0,3.41,21.31,76.72,Beauty,25.08,1,Luxury Shopper
U00103,51.375552066802385,Non-binary,123910.31,15.5,4,6.9,49.67,353.89,Luxury,3.1,5,Luxury Shopper
U00104,19.490432493732534,Male,70355.48,21.15,4,4.58,40.05,147.27,Beauty,73.58,7,Emotional Buyer
U00105,18.0,Female,65439.35,40.41,1,3.12,34.13,120.98,Fashion,33.21,3,Window Shopper
U00106,29.670799948596347,Female,56651.71,28.41,2,2.25,37.09,94.63,Fashion,23.46,1,Window Shopper
U00107,37.087232837968024,Non-binary,57568.63,27.87,9,5.89,71.48,168.96,Home,9.91,4,Budget Conscious
U00108,37.985416888607794,Non-binary,114747.01,14.87,4,9.89,21.84,487.28,Electronics,39.31,4,Luxury Shopper
U00109,35.8238219916539,Male,35662.43,31.99,6,5.42,78.21,201.12,Fashion,69.64,11,Impulsive Buyer
U00110,38.333658353722974,Male,67238.02,24.35,12,4.76,76.48,165.16,Beauty,65.93,11,Emotional Buyer
U00111,24.340559552675735,Male,43273.05,13.49,0,10.28,96.91,117.74,Groceries,0.0,2,Budget Conscious
U00112,33.691538098875775,Female,44313.14,13.42,6,2.46,36.95,293.5,Fashion,56.58,14,Impulsive Buyer
U00113,57.56495463480588,Female,144445.23,28.84,2,5.4,0.0,505.64,Luxury,34.14,7,Luxury Shopper
U00114,34.43658172338302,Female,46703.59,25.21,4,8.09,85.87,153.01,Groceries,39.53,3,Budget Conscious
U00115,32.33449576509486,Female,86966.89,41.17,9,4.25,24.68,253.89,Electronics,85.4,14,Impulsive Buyer
U00116,28.175042774521394,Male,56016.45,15.37,10,5.43,44.07,248.75,Fashion,81.04,10,Emotional Buyer
U00117,29.229355089359174,Female,52847.59,37.72,3,4.21,15.46,61.84,Fashion,34.8,2,Window Shopper
U00118,31.8056872915633,Female,56288.25,41.02,0,3.22,17.74,95.67,Beauty,14.55,0,Window Shopper
U00119,28.85669488650154,Male,52032.37,9.98,4,3.56,78.47,106.45,Home,18.97,3,Budget Conscious
U00120,46.12893419607836,Female,56150.61,15.86,2,11.0,91.27,119.03,Home,23.51,5,Budget Conscious
U00121,41.142348255201945,Female,32575.64,20.16,3,7.72,77.58,122.87,Groceries,19.5,3,Budget Conscious
U00122,18.670781158533757,Male,70931.41,51.46,0,4.58,15.42,98.33,Fashion,35.87,0,Window Shopper
U00123,28.775215765318368,Female,42391.75,42.75,7,1.88,13.01,210.52,Electronics,86.17,10,Impulsive Buyer
U00124,39.65453690461167,Male,49601.42,31.18,3,10.88,74.92,65.04,Groceries,10.6,4,Budget Conscious
U00125,21.84917301173207,Male,56330.01,21.44,7,3.46,66.34,266.23,Electronics,66.23,6,Impulsive Buyer
U00126,49.357511211880876,Female,42001.4,17.33,3,13.05,72.54,111.99,Home,14.17,4,Budget Conscious
U00127,34.053431359180905,Male,139960.69,16.45,4,7.29,16.16,386.31,Electronics,24.87,4,Luxury Shopper
U00128,32.42685264731412,Male,35124.36,40.0,3,7.4,68.57,99.01,Fashion,89.13,10,Impulsive Buyer
U00129,33.22381267204039,Male,60971.08,25.68,6,3.71,27.66,231.82,Fashion,49.02,22,Impulsive Buyer
U00130,31.162938332599516,Male,60020.84,8.93,2,10.24,72.17,153.38,Groceries,22.97,2,Budget Conscious
U00131,27.75009984034544,Male,54696.51,35.69,14,6.43,20.03,93.56,Electronics,81.45,14,Emotional Buyer
U00132,40.03982528915274,Male,56646.14,28.91,8,3.28,38.62,227.22,Beauty,70.63,13,Emotional Buyer
U00133,31.83751144314394,Male,55345.46,12.06,4,10.52,51.12,217.5,Groceries,13.64,2,Budget Conscious
U00134,40.5415776618815,Female,119575.12,23.84,5,10.07,35.34,525.57,Electronics,15.39,1,Luxury Shopper
U00135,34.68499977432914,Non-binary,32117.29,27.81,2,6.67,67.59,112.14,Home,23.45,4,Budget Conscious
U00136,36.2916154366385,Male,54053.48,30.48,9,7.24,30.6,112.83,Fashion,63.15,14,Impulsive Buyer
U00137,27.552096274408008,Male,51130.02,24.26,5,5.33,25.95,223.18,Fashion,86.8,5,Emotional Buyer
U00138,19.3717355640378,Female,45758.56,8.15,5,11.58,77.77,87.68,Home,14.17,3,Budget Conscious
U00139,30.49779486346565,Female,56503.48,41.15,3,3.31,24.35,79.59,Beauty,31.76,3,Window Shopper
U00140,22.999198740183985,Male,65937.74,34.75,7,4.48,49.32,219.11,Fashion,75.17,10,Impulsive Buyer
U00141,19.42304855033709,Male,57151.66,26.25,4,9.35,89.06,108.33,Groceries,14.31,1,Budget Conscious
U00142,37.34899660950541,Female,53417.27,20.81,4,5.21,90.97,133.05,Groceries,8.69,3,Budget Conscious
U00143,31.456545840378315,Female,62125.76,35.77,7,6.93,35.03,253.23,Beauty,79.21,14,Emotional Buyer
U00144,28.349370234852046,Female,39943.45,19.7,4,11.08,69.3,135.06,Groceries,0.0,4,Budget Conscious
U00145,21.988563743422013,Male,53848.37,20.22,4,13.7,70.54,94.4,Home,15.79,3,Budget Conscious
U00146,45.86617481663861,Female,110151.14,9.62,3,8.26,13.17,573.78,Luxury,25.99,2,Luxury Shopper
U00147,51.705206830838925,Non-binary,124262.38,15.99,3,6.81,17.26,407.9,Luxury,24.8,3,Emotional Buyer
U00148,31.236853543852693,Female,43201.94,11.35,6,13.9,73.18,120.24,Home,20.18,1,Budget Conscious
U00149,28.070754700111234,Female,37561.28,23.32,4,15.48,68.54,99.07,Home,14.54,6,Budget Conscious
U00150,19.166601517249674,Female,44426.09,26.91,12,6.89,15.9,91.03,Fashion,60.01,9,Impulsive Buyer
U00151,37.22412919374684,Male,84090.57,35.35,8,4.57,42.09,159.61,Beauty,76.36,7,Emotional Buyer
U00152,31.554265270933186,Male,65753.04,26.59,5,6.29,39.78,190.71,Beauty,74.94,5,Emotional Buyer
U00153,41.74175415471873,Male,67913.06,24.4,10,6.01,0.0,183.33,Fashion,56.33,10,Impulsive Buyer
U00154,42.819260735936396,Non-binary,28883.07,10.41,4,12.42,60.04,86.62,Groceries,4.41,1,Luxury Shopper
U00155,35.25111259631987,Female,59599.17,43.64,8,7.05,78.75,209.02,Fashion,86.09,8,Window Shopper
U00156,25.843068903095396,Male,65271.97,40.23,0,1.18,29.45,66.26,Beauty,25.0,0,Window Shopper
U00157,50.94339670418471,Female,130034.59,21.8,4,8.1,20.17,426.02,Luxury,18.39,4,Luxury Shopper
U00158,32.2617970443387,Female,67943.48,56.27,1,3.07,13.35,99.38,Fashion,25.15,1,Window Shopper
U00159,19.576098662892626,Male,63575.05,21.9,2,4.16,27.08,117.02,Fashion,31.66,3,Window Shopper
U00160,33.86143298410633,Female,82202.04,42.07,2,2.36,31.39,106.15,Beauty,9.24,2,Window Shopper
U00161,29.521897343542975,Male,69277.16,40.58,8,7.17,47.39,201.89,Electronics,100.0,11,Impulsive Buyer
U00162,31.454737345765114,Male,44930.62,36.33,9,6.39,74.79,315.47,Beauty,96.74,12,Emotional Buyer
U00163,34.29426989787955,Male,92158.12,14.71,6,11.07,23.31,395.35,Luxury,11.52,1,Luxury Shopper
U00164,31.52918598127789,Male,51004.73,28.94,8,7.78,38.91,157.21,Fashion,65.52,14,Impulsive Buyer
U00165,33.93667055689224,Male,51516.76,24.48,4,10.7,71.44,128.13,Home,13.45,1,Budget Conscious
U00166,40.867124659367015,Female,124006.61,8.39,6,4.44,10.9,306.46,Luxury,8.43,7,Luxury Shopper
U00167,32.558497293520624,Female,66909.65,32.9,5,1.89,28.29,155.21,Fashion,86.95,14,Emotional Buyer
U00168,41.550256295218276,Female,75340.06,45.85,5,0.71,34.47,95.37,Fashion,24.24,3,Window Shopper
U00169,20.39736736216025,Male,137169.04,2.0,2,8.13,14.91,661.86,Luxury,52.16,5,Luxury Shopper
U00170,26.34660695752723,Non-binary,64002.2,36.09,6,4.15,46.05,160.17,Fashion,86.58,6,Emotional Buyer
U00171,40.852919901231715,Female,71222.06,27.72,9,14.05,35.79,402.6,Luxury,21.16,2,Luxury Shopper
U00172,25.080668661592313,Male,32999.48,15.83,5,11.25,84.07,111.55,Groceries,12.4,2,Budget Conscious
U00173,50.10552553030129,Male,127954.66,16.12,5,13.65,7.35,390.46,Electronics,22.74,3,Luxury Shopper
U00174,21.8811903419069,Male,66570.8,16.48,5,3.42,23.66,252.75,Fashion,78.08,10,Emotional Buyer
U00175,27.666229798995275,Male,92124.54,41.81,13,2.5,39.53,293.82,Fashion,84.1,15,Impulsive Buyer
U00176,18.0,Male,75170.08,49.48,8,2.98,43.97,218.14,Fashion,74.6,9,Impulsive Buyer
U00177,45.387321159057045,Male,46359.2,21.36,2,5.59,100.0,130.83,Groceries,18.62,3,Budget Conscious
U00178,41.637035497936516,Male,32665.34,25.28,8,1.74,69.78,144.79,Fashion,86.9,7,Emotional Buyer
U00179,27.439856405602153,Female,76502.93,13.3,5,3.43,15.78,328.92,Fashion,74.67,7,Emotional Buyer
U00180,29.244033412383683,Male,50412.2,37.52,0,1.41,12.39,61.18,Fashion,45.69,2,Window Shopper
U00181,36.24798741845625,Female,53203.07,24.65,4,8.15,77.48,388.05,Beauty,79.9,6,Emotional Buyer
U00182,43.34793101618155,Male,52337.7,32.1,8,3.91,41.35,193.67,Fashion,69.78,5,Emotional Buyer
U00183,44.37432902023109,Female,45867.92,14.61,5,4.96,93.62,100.21,Home,14.98,2,Budget Conscious
U00184,52.568582445332574,Female,136319.91,22.45,4,10.76,23.81,371.39,Electronics,28.2,5,Luxury Shopper
U00185,29.63031092229611,Female,72318.0,48.62,0,3.24,12.63,94.25,Fashion,39.9,3,Window Shopper
U00186,36.95603482439641,Female,55726.86,44.13,1,4.24,61.13,64.5,Fashion,28.88,1,Window Shopper
U00187,39.21467889195035,Female,130140.96,25.19,6,11.99,15.29,430.57,Luxury,19.3,4,Luxury Shopper
U00188,20.71417479734683,Female,60552.41,26.19,0,2.39,16.76,240.68,Fashion,82.78,12,Impulsive Buyer
U00189,20.541418546997672,Female,45361.51,50.36,5,4.52,15.14,78.27,Fashion,34.36,0,Window Shopper
U00190,56.33114953617186,Female,125681.09,20.8,7,11.58,6.86,424.59,Luxury,18.57,0,Luxury Shopper
U00191,28.13429627543852,Male,74583.33,34.36,7,1.97,11.66,271.04,Beauty,80.86,5,Emotional Buyer
U00192,39.40354515133098,Male,119539.34,16.02,5,9.48,32.43,575.88,Luxury,24.99,5,Luxury Shopper
U00193,29.09722506102035,Male,46568.69,29.46,10,6.71,19.45,97.64,Fashion,47.03,16,Impulsive Buyer
U00194,29.904965580358134,Female,28502.36,20.9,2,2.12,66.56,113.76,Fashion,91.58,10,Emotional Buyer
U00195,27.56502140903049,Female,55373.38,27.19,8,5.56,35.88,192.31,Electronics,92.14,10,Impulsive Buyer
U00196,33.79081907162854,Male,80866.03,39.72,10,4.09,0.0,252.43,Fashion,55.38,10,Impulsive Buyer
U00197,20.58596437821711,Female,55264.92,17.83,3,7.72,84.7,107.61,Groceries,21.31,2,Budget Conscious
U00198,28.998822320251186,Female,61497.53,28.71,10,4.83,44.84,287.04,Fashion,63.75,2,Emotional Buyer
U00199,36.90330698860233,Non-binary,82360.86,27.86,10,1.05,26.73,274.92,Electronics,35.42,16,Impulsive Buyer
U00200,33.5631205771528,Non-binary,97814.87,18.41,2,10.88,0.0,363.4,Luxury,21.67,0,Luxury Shopper
U00201,22.58194341381425,Female,46685.19,43.48,2,3.07,0.0,40.68,Beauty,1.43,4,Window Shopper
U00202,33.075988006971485,Male,55953.47,26.1,7,3.21,32.39,67.25,Fashion,72.2,12,Emotional Buyer
U00203,38.60089741657503,Female,23553.75,16.95,4,11.54,62.37,168.25,Groceries,15.57,4,Luxury Shopper
U00204,26.97452098885201,Male,75395.68,26.02,8,2.46,28.5,177.54,Fashion,72.69,12,Impulsive Buyer
U00205,23.714460082951724,Female,71430.39,22.54,9,5.44,30.73,189.9,Fashion,94.43,16,Impulsive Buyer
U00206,35.04807280678561,Female,91811.24,29.29,5,12.76,0.0,314.37,Electronics,26.08,2,Luxury Shopper
U00207,30.49183991128922,Male,39598.07,12.78,9,4.15,22.87,154.76,Electronics,58.72,7,Impulsive Buyer
U00208,26.92985986993999,Female,57867.39,35.96,2,3.0,32.75,112.81,Beauty,24.64,4,Window Shopper
U00209,26.992408596009113,Male,58975.77,33.71,5,4.83,13.87,152.88,Electronics,81.57,11,Luxury Shopper
U00210,29.54004394680823,Female,44707.61,38.22,0,6.89,74.04,94.58,Groceries,14.58,1,Budget Conscious
U00211,44.87194458566176,Male,63722.63,47.21,2,5.53,25.04,114.66,Fashion,21.91,3,Budget Conscious
U00212,25.972545885903024,Male,52510.81,19.81,3,9.86,93.23,105.54,Home,10.87,4,Budget Conscious
U00213,28.652399535478644,Male,36745.67,32.68,7,4.22,3.13,125.86,Electronics,89.72,6,Impulsive Buyer
U00214,22.49948128134611,Male,51481.91,34.41,0,0.2,29.5,107.72,Fashion,22.48,3,Window Shopper
U00215,37.46069360648066,Female,66681.02,43.36,2,3.84,28.3,129.94,Fashion,20.34,0,Window Shopper
U00216,24.174921322476152,Male,92425.43,54.38,0,6.07,38.16,139.58,Beauty,25.78,3,Budget Conscious
U00217,24.00865007656753,Female,33529.58,50.08,7,6.67,40.12,159.18,Electronics,73.37,5,Window Shopper
U00218,45.94181939556951,Male,60118.84,40.29,10,5.97,27.02,258.73,Electronics,71.53,11,Impulsive Buyer
U00219,35.46215550824996,Male,76848.35,28.32,6,1.59,49.64,161.93,Fashion,97.64,2,Emotional Buyer
U00220,32.97638680196775,Male,147634.99,18.56,6,5.93,30.5,530.09,Electronics,26.48,5,Luxury Shopper
U00221,45.54685120289648,Male,127715.38,35.55,9,10.36,6.64,440.47,Electronics,23.5,10,Emotional Buyer
U00222,55.427437879246405,Non-binary,37284.1,13.15,2,10.31,93.08,96.83,Groceries,22.74,3,Budget Conscious
U00223,29.334663624134464,Female,49193.45,53.17,1,3.43,36.8,74.33,Fashion,16.96,1,Window Shopper
U00224,30.165286062470813,Non-binary,64951.34,15.24,10,2.11,51.57,189.75,Fashion,93.33,4,Emotional Buyer
U00225,42.703672214712775,Male,141146.1,4.28,1,10.59,5.24,475.59,Luxury,29.79,3,Luxury Shopper
U00226,50.20411274578486,Female,51218.84,33.92,7,4.64,40.0,202.56,Beauty,56.26,6,Emotional Buyer
U00227,18.0,Male,61109.97,22.01,3,4.84,12.13,129.18,Fashion,59.48,16,Impulsive Buyer
U00228,38.48277465936292,Female,31950.52,15.71,1,9.96,92.95,79.2,Groceries,20.38,5,Budget Conscious
U00229,36.02587052402132,Female,80478.94,61.87,2,2.77,27.49,96.32,Beauty,32.5,3,Window Shopper
U00230,27.899482454053082,Female,62747.95,28.9,10,5.56,35.21,197.25,Fashion,65.5,6,Impulsive Buyer
U00231,28.581943883686225,Female,62032.54,43.47,4,6.16,38.82,196.81,Fashion,69.75,13,Impulsive Buyer
U00232,31.99446738720307,Male,49366.62,11.36,3,5.71,96.81,81.01,Groceries,17.96,4,Budget Conscious
U00233,33.99182603273825,Male,73765.3,19.22,8,4.64,63.92,142.88,Beauty,81.05,7,Emotional Buyer
U00234,39.22931338683015,Male,37581.91,18.27,7,10.12,95.54,127.74,Home,30.28,2,Budget Conscious
U00235,37.65635910608761,Male,31032.97,29.49,4,2.9,33.34,201.58,Fashion,81.28,13,Emotional Buyer
U00236,48.31135882423264,Female,63646.75,52.37,3,1.87,48.12,45.17,Beauty,23.78,2,Window Shopper
U00237,43.171830651897814,Male,46435.63,33.49,3,7.83,74.58,78.96,Home,12.28,4,Budget Conscious
U00238,29.258341374594615,Female,54253.44,38.74,0,1.01,4.19,101.26,Beauty,12.3,3,Window Shopper
U00239,20.361467791612924,Male,60298.46,34.35,6,4.49,27.31,260.73,Electronics,73.49,14,Impulsive Buyer
U00240,37.764347139945805,Female,40644.75,39.21,7,2.79,0.24,154.47,Fashion,77.75,10,Impulsive Buyer
U00241,31.31765525491842,Male,62965.77,35.5,5,6.85,52.91,139.9,Fashion,88.72,11,Emotional Buyer
U00242,37.79859660486139,Male,40726.23,51.31,1,2.26,5.34,48.68,Fashion,40.01,1,Window Shopper
U00243,50.52438763063145,Male,103626.88,5.68,5,9.57,0.0,470.4,Electronics,39.28,1,Luxury Shopper
U00244,30.023231612064738,Male,34379.58,26.18,1,13.32,95.13,127.39,Groceries,19.69,2,Budget Conscious
U00245,30.896948189652147,Female,50602.49,25.65,1,12.45,50.72,151.14,Home,30.24,4,Budget Conscious
U00246,42.54726125068072,Male,39161.74,23.67,7,5.3,34.92,170.28,Beauty,81.99,9,Emotional Buyer
U00247,42.51827414889554,Male,49421.84,12.51,4,6.38,61.46,118.13,Groceries,36.35,5,Emotional Buyer
U00248,18.82701094700628,Male,36492.21,17.95,3,13.04,78.58,167.22,Groceries,14.93,4,Budget Conscious
U00249,40.35033360916357,Male,131948.87,27.6,3,8.2,42.99,509.37,Electronics,21.19,2,Luxury Shopper
U00250,43.825032550826485,Male,35972.55,19.4,4,10.04,84.63,104.28,Groceries,5.95,2,Budget Conscious
U00251,24.640558987795565,Non-binary,70647.13,44.1,1,3.16,18.71,57.47,Beauty,35.74,2,Window Shopper
U00252,31.371908835590137,Female,54054.46,29.11,4,4.18,54.57,176.92,Beauty,83.74,20,Emotional Buyer
U00253,22.936483537703783,Male,38207.26,12.94,4,5.21,78.17,113.01,Groceries,21.37,5,Budget Conscious
U00254,40.08618952329463,Male,93157.42,10.66,7,8.31,16.27,445.29,Luxury,22.89,5,Luxury Shopper
U00255,20.53803722054493,Female,105181.48,30.28,5,9.06,14.27,332.83,Luxury,39.4,2,Luxury Shopper
U00256,25.421147757863608,Male,48225.62,56.93,1,3.9,3.32,18.55,Fashion,23.28,4,Window Shopper
U00257,28.79991422935038,Female,53261.86,25.73,5,3.94,27.03,213.57,Beauty,88.15,10,Emotional Buyer
U00258,33.578939509443245,Male,48139.89,23.58,5,4.83,51.38,132.9,Fashion,71.47,9,Impulsive Buyer
U00259,28.25910707428481,Female,30449.15,40.4,10,6.43,9.42,150.25,Fashion,100.0,15,Impulsive Buyer
U00260,28.359395503966372,Female,35352.55,17.27,4,8.21,82.35,87.61,Groceries,7.35,2,Budget Conscious
U00261,26.79468927818568,Male,18000.0,24.77,4,6.03,30.81,111.77,Fashion,71.57,14,Impulsive Buyer
U00262,36.74185411997827,Female,74309.27,25.98,10,3.59,18.66,258.47,Fashion,90.06,4,Emotional Buyer
U00263,45.04425123999326,Female,123356.02,28.12,5,10.41,45.4,330.75,Luxury,11.26,3,Luxury Shopper
U00264,28.886147564031027,Female,66318.47,37.63,16,5.22,12.93,246.91,Fashion,100.0,7,Impulsive Buyer
U00265,31.572092333245152,Male,85427.27,27.63,6,5.02,27.45,268.28,Fashion,82.39,6,Emotional Buyer
U00266,30.911792150090392,Male,40453.13,45.82,13,3.23,19.83,180.7,Fashion,82.87,16,Impulsive Buyer
U00267,42.27266118770162,Male,128067.84,31.11,5,8.87,23.44,393.53,Luxury,7.57,4,Luxury Shopper
U00268,28.83829708162263,Female,63062.82,27.84,10,3.73,45.08,185.7,Fashion,85.87,10,Impulsive Buyer
U00269,28.327250108033773,Male,62739.73,32.23,12,3.46,39.41,301.89,Electronics,57.8,16,Impulsive Buyer
U00270,29.601523954383268,Male,46896.7,32.86,14,6.26,40.9,267.24,Fashion,77.35,10,Budget Conscious
U00271,36.255251802968864,Male,61531.97,23.98,6,4.32,45.27,85.14,Fashion,75.56,13,Impulsive Buyer
U00272,18.55545242163373,Female,37839.36,31.94,10,3.43,42.65,217.36,Fashion,80.61,10,Window Shopper
U00273,22.49086072839307,Female,25383.42,37.55,4,3.51,0.0,193.74,Fashion,94.08,13,Impulsive Buyer
U00274,23.04786856389993,Male,53358.97,27.91,2,12.88,87.26,107.55,Groceries,2.91,1,Budget Conscious
U00275,18.0,Male,78581.22,33.16,2,3.33,18.32,108.26,Beauty,33.8,1,Window Shopper
U00276,29.511006394364685,Male,145444.75,23.05,11,8.62,34.5,416.12,Luxury,37.6,5,Luxury Shopper
U00277,38.074483498322095,Male,126405.1,4.86,5,5.66,10.3,485.75,Luxury,17.7,2,Luxury Shopper
U00278,29.12784665393366,Male,36916.23,25.89,4,6.34,71.73,55.95,Groceries,33.89,4,Budget Conscious
U00279,32.74350339963166,Male,28973.93,29.5,3,3.71,36.11,253.47,Fashion,81.29,7,Emotional Buyer
U00280,37.454145434959685,Female,71264.21,27.23,5,2.24,53.73,235.89,Beauty,95.11,9,Emotional Buyer
U00281,18.73271091010089,Male,51042.57,42.51,10,0.95,30.59,191.67,Fashion,77.03,11,Impulsive Buyer
U00282,29.617160210442094,Male,54265.01,33.74,3,0.2,35.25,214.17,Fashion,87.47,10,Impulsive Buyer
U00283,37.02802448639356,Female,102424.47,5.59,10,6.9,3.26,347.33,Luxury,17.18,2,Luxury Shopper
U00284,57.94264535926734,Male,103172.35,27.91,4,10.6,18.5,432.93,Electronics,31.68,3,Luxury Shopper
U00285,44.76826618859757,Female,25082.06,18.6,1,9.75,72.08,222.34,Home,27.69,2,Luxury Shopper
U00286,43.8785389346786,Male,44717.21,28.47,3,5.36,100.0,93.81,Groceries,9.39,4,Budget Conscious
U00287,31.340499962041445,Female,52969.08,32.39,15,4.37,52.0,111.69,Fashion,61.03,8,Impulsive Buyer
U00288,33.10032966047809,Male,105646.57,7.78,5,7.36,19.2,434.25,Electronics,27.02,4,Luxury Shopper
U00289,44.296859134823976,Female,44573.83,17.04,2,5.63,84.21,133.68,Home,19.2,3,Budget Conscious
U00290,33.62963973794868,Male,84634.22,23.94,7,8.12,26.34,303.83,Electronics,61.75,15,Impulsive Buyer
U00291,36.00431637307222,Non-binary,82308.11,19.37,0,4.07,16.11,271.62,Beauty,89.9,11,Emotional Buyer
U00292,18.0,Female,38777.0,30.04,4,7.06,46.06,205.8,Fashion,73.46,12,Impulsive Buyer
U00293,29.837135879129956,Male,50648.51,14.2,14,6.63,64.28,211.4,Beauty,76.59,9,Budget Conscious
U00294,41.28433743845334,Non-binary,57022.54,19.15,8,2.73,47.17,145.14,Fashion,77.26,3,Impulsive Buyer
U00295,29.116543723528856,Male,43257.25,36.04,8,4.88,30.58,176.68,Beauty,77.05,10,Emotional Buyer
U00296,40.55967614390315,Female,55009.65,33.95,6,5.79,17.41,264.71,Beauty,97.71,10,Emotional Buyer
U00297,29.011857756269837,Male,70594.49,31.36,2,6.69,26.23,188.95,Beauty,72.75,13,Emotional Buyer
U00298,21.292144407629706,Female,85696.82,49.03,0,3.5,21.17,87.07,Beauty,9.82,2,Window Shopper
U00299,29.690529404230904,Female,48994.25,28.94,0,4.92,50.57,39.03,Beauty,16.6,3,Window Shopper
U00300,29.87037243364065,Male,74655.87,44.52,1,4.64,23.15,86.49,Beauty,37.67,1,Window Shopper
U00301,39.06204012965513,Male,54944.84,29.86,0,1.65,27.2,107.44,Beauty,34.87,1,Window Shopper
U00302,24.05385228821351,Male,37839.29,22.36,11,5.7,51.66,136.62,Fashion,72.44,12,Impulsive Buyer
U00303,21.835358254090337,Female,49155.85,18.64,2,8.54,93.34,141.85,Home,17.6,3,Luxury Shopper
U00304,30.22385971193916,Male,43256.63,28.37,4,6.07,78.71,127.47,Groceries,4.36,3,Budget Conscious
U00305,30.596234150098518,Male,65727.25,26.64,11,5.13,35.42,198.12,Beauty,72.98,12,Emotional Buyer
U00306,40.83275687833543,Male,38305.27,6.13,2,8.31,61.77,114.9,Home,20.19,4,Budget Conscious
U00307,46.2790763291948,Male,158639.05,28.71,4,10.05,24.65,496.28,Electronics,9.18,1,Luxury Shopper
U00308,43.99049775266142,Female,32912.63,36.01,4,3.23,25.11,67.97,Fashion,24.42,1,Emotional Buyer
U00309,30.578967730720077,Female,136117.03,24.53,7,9.42,7.41,526.92,Electronics,40.52,3,Luxury Shopper
U00310,30.45180226266507,Male,65284.9,45.46,4,1.73,20.0,84.19,Fashion,45.51,12,Impulsive Buyer
U00311,40.65687652691901,Non-binary,58781.68,12.45,0,13.49,84.15,179.93,Groceries,10.99,4,Budget Conscious
U00312,31.8332090511254,Female,51368.21,16.26,4,9.17,59.75,182.74,Groceries,12.05,2,Budget Conscious
U00313,37.35831905989063,Female,140107.7,19.0,9,11.28,20.35,452.95,Luxury,12.84,4,Luxury Shopper
U00314,42.788188789498555,Female,112215.51,19.07,11,7.14,17.93,413.13,Electronics,28.37,4,Luxury Shopper
U00315,42.8789365194891,Male,117141.44,20.45,6,6.2,23.68,552.09,Luxury,7.67,0,Luxury Shopper
U00316,40.24706571276605,Female,138110.08,21.55,10,12.71,9.19,458.62,Electronics,34.88,6,Luxury Shopper
U00317,44.76499440448913,Male,109083.67,30.92,7,8.94,18.43,621.69,Electronics,12.33,4,Luxury Shopper
U00318,28.449294554897847,Non-binary,48317.18,40.52,3,2.66,18.48,84.47,Fashion,32.76,3,Window Shopper
U00319,37.745241857097405,Female,114960.14,26.85,4,8.36,11.51,421.2,Luxury,30.8,2,Luxury Shopper
U00320,34.082448539699854,Male,48160.73,14.89,6,4.36,57.47,270.72,Beauty,86.94,13,Emotional Buyer
U00321,35.937324543959235,Male,46871.21,13.06,9,2.35,37.74,261.76,Fashion,94.96,3,Emotional Buyer
U00322,28.529811690458843,Male,30582.1,24.26,4,11.02,85.42,91.75,Home,9.43,4,Budget Conscious
U00323,50.3005637377315,Female,116670.84,19.83,2,9.72,15.85,471.94,Luxury,18.05,3,Luxury Shopper
U00324,24.25504275397915,Female,37282.81,26.14,5,11.42,86.67,88.06,Groceries,27.61,2,Budget Conscious
U00325,42.78518696381758,Female,73409.95,25.43,5,2.01,34.13,217.84,Beauty,99.97,4,Emotional Buyer
U00326,25.334779391910967,Male,68407.82,48.88,0,2.59,38.96,140.88,Beauty,31.28,4,Window Shopper
U00327,37.2188854591935,Male,72887.74,52.17,1,3.29,47.77,167.26,Beauty,24.74,3,Window Shopper
U00328,49.743807066448895,Female,38680.12,22.88,2,6.33,92.51,119.93,Groceries,32.39,2,Budget Conscious
U00329,39.05491310688585,Female,40749.95,68.62,1,2.49,6.44,73.8,Beauty,45.63,3,Window Shopper
U00330,39.698351142718465,Male,117952.26,12.01,4,10.57,12.57,477.21,Luxury,31.8,3,Luxury Shopper
U00331,24.655673681446878,Female,64713.7,47.3,1,2.04,52.09,102.87,Beauty,10.41,2,Window Shopper
U00332,33.34526781712026,Female,62828.54,33.62,5,2.34,49.65,206.69,Fashion,80.17,12,Impulsive Buyer
U00333,33.27640580283708,Male,77977.63,59.3,3,1.79,29.29,87.4,Fashion,14.67,2,Window Shopper
U00334,32.000900180573225,Female,51196.9,16.72,6,6.51,32.5,267.89,Beauty,91.73,11,Emotional Buyer
U00335,23.505456781510766,Female,59956.78,27.76,5,2.5,6.94,167.22,Fashion,59.8,13,Impulsive Buyer
U00336,33.82309100642429,Male,46156.25,30.02,7,7.94,78.35,131.32,Home,15.54,3,Impulsive Buyer
U00337,26.34903790710526,Female,39672.58,41.36,10,4.41,2.65,77.92,Fashion,82.87,12,Impulsive Buyer
U00338,27.675380197099493,Male,74181.11,40.57,3,3.03,17.37,97.24,Beauty,22.14,3,Window Shopper
U00339,30.649494076534225,Male,48677.25,43.59,7,5.28,0.0,212.27,Fashion,72.11,18,Impulsive Buyer
U00340,45.442683894988654,Male,35799.32,25.09,7,2.86,25.65,137.81,Fashion,82.92,13,Emotional Buyer
U00341,49.22548734073756,Female,67817.65,28.7,1,5.03,54.16,288.22,Electronics,72.45,11,Impulsive Buyer
U00342,30.41684299120217,Male,36086.09,33.03,10,1.94,51.99,181.74,Beauty,73.17,5,Emotional Buyer
U00343,20.090203395678145,Female,62053.3,48.01,0,0.56,33.39,73.0,Beauty,31.44,2,Budget Conscious
U00344,37.180075940042244,Male,32144.72,16.77,3,10.13,87.1,102.55,Home,14.6,3,Budget Conscious
U00345,18.76364568834107,Female,66418.84,42.09,1,2.32,45.57,114.6,Fashion,29.69,2,Window Shopper
U00346,28.82939960991354,Male,81833.99,48.47,0,3.17,19.52,77.33,Fashion,10.22,4,Window Shopper
U00347,35.82318173702007,Female,55076.06,19.61,1,6.14,40.39,181.91,Fashion,87.14,12,Emotional Buyer
U00348,40.32799681742238,Female,118057.62,23.48,7,5.58,0.99,478.35,Luxury,15.83,7,Luxury Shopper
U00349,36.72098884547708,Male,34364.02,20.09,4,5.45,82.5,126.97,Groceries,29.43,3,Budget Conscious
U00350,31.51121818757107,Female,77874.38,36.36,9,6.24,49.03,223.95,Fashion,64.84,14,Impulsive Buyer
U00351,47.50520537508907,Female,30206.45,10.63,0,11.29,86.9,75.21,Groceries,21.19,4,Budget Conscious
U00352,41.59796697193529,Male,54120.97,38.38,5,3.97,48.15,186.89,Fashion,57.77,10,Impulsive Buyer
U00353,28.507245931457554,Male,35189.78,30.44,5,12.19,81.9,126.05,Home,34.72,1,Budget Conscious
U00354,43.98651735529057,Female,26549.1,15.64,4,5.33,81.15,131.87,Home,6.83,4,Budget Conscious
U00355,21.83827546575555,Male,45250.83,13.52,4,9.04,72.22,89.03,Groceries,25.45,1,Budget Conscious
U00356,45.61690770633532,Male,37106.05,34.73,6,8.44,92.79,89.81,Home,20.11,1,Budget Conscious
U00357,28.09250601824962,Male,79425.54,30.88,4,0.94,24.76,102.1,Beauty,5.81,0,Window Shopper
U00358,31.001547214080862,Male,75178.26,22.26,4,0.63,40.75,131.93,Fashion,27.79,1,Luxury Shopper
U00359,18.059768589660912,Male,50820.88,20.61,4,8.16,78.48,124.55,Groceries,10.25,3,Budget Conscious
U00360,35.62012348704508,Male,52855.24,24.02,3,6.82,61.04,150.06,Groceries,44.98,4,Budget Conscious
U00361,29.274127140592668,Male,72753.49,26.9,6,4.2,60.84,235.58,Beauty,65.45,11,Emotional Buyer
U00362,38.787413600473734,Male,35466.75,32.06,11,5.63,23.3,237.69,Fashion,75.68,10,Impulsive Buyer
U00363,32.14917723181252,Female,58082.62,39.31,11,2.41,30.02,213.68,Fashion,94.13,10,Impulsive Buyer
U00364,21.625387262920032,Female,89834.33,22.65,5,2.46,29.4,153.25,Electronics,73.27,11,Impulsive Buyer
U00365,26.00947090585974,Female,59821.76,42.34,3,5.73,28.67,146.12,Beauty,16.46,2,Window Shopper
U00366,49.895296106981895,Non-binary,26246.75,28.09,4,8.54,81.15,89.15,Home,41.92,4,Budget Conscious
U00367,18.16609483466191,Female,58895.47,26.83,2,4.1,34.94,133.94,Beauty,11.05,2,Window Shopper
U00368,18.0,Male,67391.06,56.16,2,3.76,56.83,106.99,Beauty,17.84,1,Window Shopper
U00369,45.09463715862287,Male,105554.79,4.06,2,11.81,12.65,434.38,Luxury,6.0,3,Luxury Shopper
U00370,51.05848797523191,Non-binary,55603.89,22.66,4,5.49,21.95,269.79,Beauty,100.0,7,Emotional Buyer
U00371,34.88316691152602,Female,51458.69,38.15,2,5.94,34.3,97.27,Fashion,28.04,1,Window Shopper
U00372,43.446071769627736,Male,129525.53,14.7,5,7.27,4.36,480.12,Luxury,22.86,4,Luxury Shopper
U00373,45.253950525587086,Male,119603.09,26.92,5,11.54,7.51,593.75,Luxury,21.3,3,Luxury Shopper
U00374,43.79359956571393,Female,120414.54,14.7,10,4.6,0.0,585.26,Luxury,3.05,1,Luxury Shopper
U00375,36.155351977966646,Male,53353.34,24.48,3,1.97,59.38,165.3,Fashion,85.87,14,Impulsive Buyer
U00376,18.76182998739906,Female,74424.28,31.05,11,5.4,62.34,195.9,Fashion,81.84,10,Impulsive Buyer
U00377,31.067792581255,Male,83853.64,23.43,1,3.31,45.67,288.49,Beauty,77.15,3,Emotional Buyer
U00378,41.05926557556266,Male,42558.57,20.24,3,8.34,83.67,131.35,Home,17.25,2,Budget Conscious
U00379,41.07758446292339,Female,100219.65,28.28,2,9.46,37.89,543.91,Electronics,20.03,8,Luxury Shopper
U00380,24.959561035585065,Female,71272.77,29.15,2,2.78,12.14,102.12,Fashion,43.86,2,Window Shopper
U00381,39.5855939914367,Female,30690.73,22.09,2,9.98,70.7,118.58,Groceries,26.27,4,Budget Conscious
U00382,30.21823973855732,Female,74215.81,25.64,4,3.51,68.65,253.09,Fashion,84.22,4,Emotional Buyer
U00383,24.026377089781334,Male,42451.68,58.21,1,4.42,47.61,94.75,Beauty,27.85,4,Window Shopper
U00384,23.8996290130744,Female,50295.44,21.71,3,11.17,74.25,85.46,Home,14.17,5,Budget Conscious
U00385,36.9662453682633,Female,132007.91,19.43,4,7.98,7.2,377.75,Luxury,19.17,4,Luxury Shopper
U00386,31.750523156903622,Male,67293.07,20.94,6,4.35,55.59,209.49,Fashion,87.31,12,Emotional Buyer
U00387,23.113947419690923,Male,56030.42,37.28,0,2.73,35.43,56.11,Beauty,36.63,4,Window Shopper
U00388,27.502377517178214,Male,20565.79,34.14,6,4.7,38.82,196.07,Beauty,86.57,6,Emotional Buyer
U00389,44.509431302709174,Non-binary,50765.44,31.4,9,3.72,48.96,194.39,Electronics,71.21,10,Impulsive Buyer
U00390,37.52009027322474,Female,48906.99,42.19,6,2.95,22.67,242.43,Fashion,100.0,8,Emotional Buyer
U00391,22.162985072671876,Male,61991.51,43.28,3,4.0,37.02,58.55,Fashion,18.12,2,Window Shopper
U00392,30.332722382764732,Female,58805.25,20.9,4,1.06,44.07,199.38,Fashion,70.26,9,Impulsive Buyer
U00393,32.03985071240584,Male,56302.53,24.13,6,9.54,81.01,171.07,Groceries,19.75,3,Budget Conscious
U00394,24.668567074834268,Non-binary,63784.66,50.79,0,3.86,18.52,149.92,Fashion,26.05,3,Window Shopper
U00395,18.0,Male,63382.07,39.94,9,4.09,45.6,222.1,Fashion,76.06,10,Impulsive Buyer
U00396,47.5949152802152,Male,36511.02,17.26,4,12.86,93.2,82.89,Groceries,6.06,2,Budget Conscious
U00397,41.467896945116806,Male,45401.97,31.09,4,6.45,59.66,144.54,Beauty,75.84,9,Emotional Buyer
U00398,31.911126537183712,Female,114359.15,17.08,5,4.1,17.46,385.7,Electronics,46.05,2,Luxury Shopper
U00399,38.920112995257576,Male,37406.12,16.64,6,6.53,100.0,121.7,Groceries,11.12,4,Budget Conscious
U00400,42.84090774490311,Male,31804.1,17.88,3,5.12,78.37,131.35,Groceries,36.53,3,Budget Conscious
U00401,30.000361547732616,Non-binary,119998.21,22.44,5,11.05,6.17,490.28,Luxury,26.35,3,Luxury Shopper
U00402,33.61123683533562,Male,72747.11,26.97,9,6.54,63.62,213.76,Beauty,87.28,8,Emotional Buyer
U00403,38.01521567062653,Female,68349.31,53.25,1,7.14,29.91,76.46,Beauty,47.22,3,Window Shopper
U00404,25.00267803760019,Male,56872.14,40.12,13,4.1,41.81,109.54,Fashion,84.09,12,Impulsive Buyer
U00405,35.4079975057852,Female,55635.02,28.62,6,6.01,23.85,245.53,Beauty,79.66,11,Emotional Buyer
U00406,28.016777926061057,Female,48019.23,22.54,6,2.7,22.44,264.19,Beauty,69.4,5,Emotional Buyer
U00407,28.108009036000414,Female,139671.64,9.41,3,4.66,31.69,561.48,Luxury,15.58,4,Luxury Shopper
U00408,30.046110482891166,Male,58493.67,24.29,1,1.84,48.63,221.51,Beauty,83.11,16,Emotional Buyer
U00409,34.71569381489946,Female,35527.75,51.31,7,7.62,33.3,195.85,Electronics,54.22,7,Impulsive Buyer
U00410,32.13949408056462,Female,40641.8,33.78,1,6.52,49.04,187.86,Beauty,84.24,13,Emotional Buyer
U00411,26.89553966212597,Female,83529.55,48.5,1,0.89,31.26,94.51,Fashion,26.01,3,Window Shopper
U00412,35.74792832067172,Male,64052.95,31.86,1,1.58,73.1,76.92,Beauty,18.34,2,Window Shopper
U00413,26.157432598486658,Male,45783.51,24.69,6,2.45,27.77,177.29,Fashion,68.46,8,Impulsive Buyer
U00414,33.193900225677496,Female,61040.35,30.3,7,0.2,47.72,139.27,Beauty,73.55,8,Emotional Buyer
U00415,35.93521484508114,Female,77727.37,25.91,11,6.22,9.53,369.84,Electronics,67.35,17,Impulsive Buyer
U00416,54.32576453034149,Male,93367.76,20.84,4,7.5,18.59,432.4,Luxury,24.72,2,Luxury Shopper
U00417,26.520572545742702,Female,71737.96,19.54,8,7.01,31.89,194.08,Fashion,69.29,11,Budget Conscious
U00418,37.53004625544517,Male,54226.72,49.95,3,2.24,48.28,61.27,Beauty,25.91,0,Window Shopper
U00419,22.046183953734804,Female,73730.92,31.44,11,4.23,15.96,243.75,Electronics,80.01,13,Impulsive Buyer
U00420,43.57840158734203,Male,45571.08,16.9,7,3.41,70.19,195.14,Beauty,60.9,7,Emotional Buyer
U00421,26.758544282156684,Female,62358.99,33.43,3,4.75,30.76,15.0,Beauty,32.19,4,Window Shopper
U00422,25.85803456393515,Male,81067.61,33.35,7,3.84,49.11,404.62,Fashion,72.99,16,Impulsive Buyer
U00423,29.05207096977229,Female,51145.82,29.54,9,6.11,44.72,212.58,Fashion,76.13,13,Impulsive Buyer
U00424,25.245802958574043,Non-binary,41554.02,24.27,6,4.33,58.12,193.8,Fashion,76.18,5,Impulsive Buyer
U00425,36.91590010210804,Non-binary,37704.12,16.71,3,8.46,68.66,83.5,Groceries,19.56,3,Budget Conscious
U00426,27.919658845324278,Male,54817.38,46.02,4,2.61,32.75,86.47,Beauty,40.9,3,Window Shopper
U00427,24.53662690567537,Male,162835.03,3.34,3,11.56,14.03,437.84,Electronics,8.83,7,Luxury Shopper
U00428,23.97589459339492,Female,86095.08,27.23,1,3.84,31.82,292.06,Beauty,92.98,10,Emotional Buyer
U00429,36.50744338503175,Male,72114.6,17.94,3,4.95,6.14,125.7,Fashion,58.88,13,Impulsive Buyer
U00430,31.91335421115113,Male,61078.04,45.64,0,0.7,30.31,110.81,Beauty,27.44,2,Window Shopper
U00431,43.02014421315273,Female,40006.81,33.84,10,2.21,42.63,309.62,Beauty,65.08,14,Luxury Shopper
U00432,34.31318137500679,Female,44666.33,28.69,1,4.35,33.04,55.67,Fashion,33.74,0,Impulsive Buyer
U00433,34.67783695931599,Male,58592.02,50.46,4,2.94,15.34,58.4,Fashion,18.58,5,Window Shopper
U00434,31.589823804059748,Male,77470.04,25.3,8,3.09,58.0,216.46,Beauty,75.12,9,Emotional Buyer
U00435,22.7006734093981,Male,64625.28,42.11,8,2.53,69.08,277.89,Fashion,36.44,17,Impulsive Buyer
U00436,35.894743620977856,Male,32589.94,23.03,10,5.66,10.7,107.03,Electronics,72.01,15,Impulsive Buyer
U00437,29.89598792278997,Male,38561.46,38.1,8,4.01,9.25,235.23,Electronics,68.25,11,Impulsive Buyer
U00438,34.493998781889005,Female,42122.98,25.95,3,9.75,100.0,128.33,Groceries,20.72,1,Budget Conscious
U00439,35.34123789393774,Female,76579.29,43.57,2,3.48,59.3,71.85,Fashion,27.65,0,Window Shopper
U00440,23.97150931421488,Female,65365.82,47.72,3,3.95,14.72,51.07,Fashion,26.83,1,Window Shopper
U00441,32.526523428228366,Male,34557.38,25.38,6,5.4,53.64,166.82,Beauty,78.49,4,Emotional Buyer
U00442,18.0,Female,57803.6,20.56,7,4.89,19.32,170.42,Electronics,71.46,10,Luxury Shopper
U00443,31.37418468690415,Female,51855.57,42.18,0,0.2,32.79,59.23,Beauty,38.21,1,Window Shopper
U00444,20.365330309280907,Female,41505.39,23.5,5,6.05,52.2,204.08,Electronics,65.94,11,Impulsive Buyer
U00445,52.14023266949585,Female,122714.13,21.65,6,7.03,9.99,603.96,Luxury,5.76,11,Luxury Shopper
U00446,18.0,Male,52336.05,43.37,1,1.94,25.55,87.09,Fashion,29.91,2,Window Shopper
U00447,24.441686878385934,Female,58496.29,35.89,4,3.04,38.14,232.65,Beauty,99.1,5,Emotional Buyer
U00448,38.71140496732115,Female,62663.75,25.63,2,10.65,88.72,94.07,Groceries,3.13,5,Budget Conscious
U00449,28.12380560087562,Male,50808.78,25.08,10,5.82,38.09,117.47,Fashion,56.84,9,Impulsive Buyer
U00450,35.92486339348474,Female,59862.37,24.43,5,13.0,56.92,120.2,Home,20.07,4,Budget Conscious
U00451,43.86032053805756,Female,67641.77,36.58,9,4.98,27.72,266.79,Electronics,43.65,18,Impulsive Buyer
U00452,35.527060653706506,Female,63623.0,31.62,5,5.88,26.49,134.87,Beauty,93.83,6,Luxury Shopper
U00453,35.06150627633197,Male,36761.39,56.65,3,0.63,35.15,92.57,Fashion,45.12,1,Window Shopper
U00454,31.91840421018067,Female,67074.82,35.68,9,5.64,27.82,239.11,Fashion,63.56,17,Impulsive Buyer
U00455,19.196977222411167,Male,73311.64,35.32,9,5.69,8.64,182.12,Electronics,56.56,14,Impulsive Buyer
U00456,18.262166607473493,Non-binary,24873.54,32.52,8,7.06,48.53,262.13,Fashion,67.65,13,Impulsive Buyer
U00457,22.826022613917463,Male,52722.28,31.96,4,4.11,41.1,276.83,Beauty,56.81,2,Emotional Buyer
U00458,35.1487876876351,Female,45979.21,26.48,4,8.62,64.0,95.06,Groceries,8.48,3,Budget Conscious
U00459,26.767526291678156,Male,67144.05,31.39,0,4.64,36.21,90.32,Beauty,12.4,4,Window Shopper
U00460,26.42474193820017,Female,91067.33,37.71,4,3.07,3.59,74.05,Fashion,6.03,3,Window Shopper
U00461,18.0,Female,46118.3,31.89,7,10.63,81.05,79.15,Groceries,12.64,2,Budget Conscious
U00462,34.60568508438165,Male,49565.96,40.74,6,5.49,43.9,148.65,Fashion,62.95,18,Impulsive Buyer
U00463,34.703453765001406,Female,55489.57,22.79,7,5.94,64.99,166.41,Beauty,78.78,16,Emotional Buyer
U00464,30.361562878579626,Female,124714.58,16.05,7,5.46,20.23,545.12,Luxury,33.73,4,Luxury Shopper
U00465,41.004345285216935,Female,31116.49,27.64,0,12.46,81.89,156.66,Home,6.66,4,Budget Conscious
U00466,20.02659014965335,Female,42593.02,39.73,3,3.8,20.38,67.43,Fashion,15.14,5,Window Shopper
U00467,28.117439008408844,Female,45414.07,28.03,2,0.89,8.4,71.7,Beauty,14.55,1,Window Shopper
U00468,34.3668660038552,Male,69450.75,32.6,8,1.89,20.61,238.38,Beauty,78.69,5,Emotional Buyer
U00469,27.02631981634002,Non-binary,70835.92,39.85,11,5.73,53.45,230.24,Fashion,69.07,11,Impulsive Buyer
U00470,41.12480646683295,Female,35318.3,16.5,3,7.29,54.28,173.73,Home,25.02,2,Budget Conscious
U00471,27.08403670170461,Male,45447.31,23.58,3,8.21,79.76,116.46,Home,7.64,3,Budget Conscious
U00472,43.83741956813723,Female,36525.18,26.63,5,14.7,86.82,99.94,Home,7.96,3,Budget Conscious
U00473,36.353348105340615,Female,37225.32,37.92,10,6.52,33.76,242.31,Electronics,73.09,13,Luxury Shopper
U00474,19.783502676592775,Female,39274.39,34.57,9,3.03,0.0,245.95,Electronics,77.75,17,Impulsive Buyer
U00475,48.72820679227574,Female,109272.3,11.97,9,9.55,1.9,542.92,Luxury,22.97,2,Luxury Shopper
U00476,25.502821279427017,Female,142219.77,18.43,9,7.28,11.0,434.35,Luxury,18.12,1,Luxury Shopper
U00477,35.50573832450428,Female,48098.43,15.44,2,11.02,46.32,99.2,Home,0.0,0,Budget Conscious
U00478,38.93234195024266,Female,51514.48,31.96,3,9.65,83.34,125.11,Home,7.58,5,Budget Conscious
U00479,27.392136398378746,Male,61215.54,42.54,4,4.29,26.55,85.14,Fashion,39.21,0,Window Shopper
U00480,42.61818842952048,Female,44899.34,19.99,0,12.01,86.59,140.93,Groceries,13.29,4,Budget Conscious
U00481,38.18049135083127,Female,44271.69,23.34,2,6.11,64.09,124.26,Groceries,25.7,5,Budget Conscious
U00482,39.24607720372806,Female,115044.35,16.88,6,7.62,15.62,417.37,Luxury,24.12,0,Luxury Shopper
U00483,33.42144877000147,Male,25897.56,21.18,3,7.95,66.42,170.63,Groceries,9.95,3,Budget Conscious
U00484,51.57439103872278,Female,115225.8,29.95,8,10.56,7.73,576.18,Luxury,21.15,7,Luxury Shopper
U00485,31.938000038837888,Male,40180.57,38.74,2,2.92,10.61,76.01,Electronics,71.15,12,Impulsive Buyer
U00486,35.041818311860666,Female,60528.61,17.3,2,7.07,68.47,95.96,Home,13.07,5,Budget Conscious
U00487,52.54947933181229,Female,29877.77,13.48,0,9.49,41.22,118.83,Groceries,19.52,4,Budget Conscious
U00488,45.48974080918357,Non-binary,110207.04,26.79,3,6.35,33.55,426.92,Luxury,26.37,3,Luxury Shopper
U00489,27.019752680094207,Female,36639.17,25.8,1,8.48,78.89,112.56,Home,10.72,3,Budget Conscious
U00490,40.77714578257884,Female,57761.8,11.53,4,9.61,78.72,141.59,Groceries,35.01,2,Budget Conscious
U00491,42.00714985445289,Female,73763.58,40.86,3,3.04,5.41,77.44,Fashion,6.31,2,Window Shopper
U00492,34.71483079032223,Non-binary,91527.26,29.62,0,4.3,38.22,155.79,Fashion,18.0,3,Window Shopper
U00493,24.35340653351406,Male,65026.57,51.33,0,0.86,25.96,107.22,Beauty,24.01,3,Window Shopper
U00494,39.561948093256895,Male,119904.95,15.97,4,7.58,15.79,411.29,Electronics,30.08,5,Luxury Shopper
U00495,18.00106786013371,Non-binary,42751.37,58.26,0,2.03,36.14,81.75,Beauty,46.66,1,Window Shopper
U00496,31.575582150304026,Female,55413.07,10.01,2,7.68,64.02,113.39,Home,13.43,4,Budget Conscious
U00497,36.871774225917875,Non-binary,37542.95,20.1,4,3.88,89.63,103.83,Groceries,23.93,4,Budget Conscious
U00498,47.30416669655337,Female,37937.99,31.2,0,11.28,81.38,180.97,Groceries,17.37,3,Budget Conscious
U00499,22.708213605601603,Male,125269.03,21.36,3,11.07,36.48,393.8,Luxury,22.03,5,Luxury Shopper
U00500,31.433844085861335,Female,55163.62,15.49,9,5.64,82.32,134.74,Groceries,15.39,2,Budget Conscious
U00501,18.0,Female,70881.97,37.0,1,4.62,53.16,76.35,Beauty,7.15,4,Window Shopper
U00502,27.328312443709528,Non-binary,61300.02,28.35,12,5.16,50.72,232.75,Beauty,71.83,7,Emotional Buyer
U00503,18.0,Female,56652.65,24.11,6,7.49,64.07,262.54,Beauty,89.7,15,Emotional Buyer
U00504,38.06698780429625,Non-binary,52768.26,27.06,0,7.32,75.44,74.27,Groceries,23.22,4,Budget Conscious
U00505,33.7705563905239,Female,25160.36,23.86,2,6.19,93.49,133.11,Home,16.61,2,Budget Conscious
U00506,22.039489865410257,Male,90418.95,39.73,3,5.12,30.85,90.41,Fashion,10.82,4,Window Shopper
U00507,31.2150387404524,Non-binary,128717.13,16.29,8,4.9,31.09,416.12,Luxury,30.1,2,Luxury Shopper
U00508,47.76574228920338,Female,47372.65,16.34,6,2.38,31.29,235.64,Beauty,80.95,6,Emotional Buyer
U00509,26.4935802265957,Male,37667.92,20.58,3,6.75,98.06,76.09,Groceries,17.46,3,Budget Conscious
U00510,37.25580099208425,Male,55803.1,40.7,9,6.2,44.23,240.72,Fashion,70.68,9,Impulsive Buyer
U00511,26.748446936610293,Male,71688.48,31.5,11,3.46,27.16,206.57,Fashion,79.28,8,Impulsive Buyer
U00512,22.324393552574982,Female,48864.17,29.03,10,5.81,44.21,241.4,Beauty,83.19,6,Emotional Buyer
U00513,28.391645238119516,Male,83984.44,19.6,10,3.43,18.42,199.67,Electronics,75.37,16,Impulsive Buyer
U00514,52.38838591422305,Male,126213.33,17.4,2,12.16,21.93,521.4,Luxury,39.42,2,Luxury Shopper
U00515,38.8500992484712,Female,107209.22,15.43,5,7.88,10.24,342.06,Electronics,36.03,8,Luxury Shopper
U00516,27.092892397462194,Female,47933.1,20.49,5,5.34,20.92,196.99,Electronics,46.44,19,Impulsive Buyer
U00517,37.39293038222676,Female,110143.48,16.87,6,11.78,0.0,483.74,Luxury,47.52,5,Luxury Shopper
U00518,18.0,Male,51778.94,44.09,0,2.12,43.08,32.23,Beauty,18.3,3,Window Shopper
U00519,36.96480104398905,Female,58878.25,34.4,2,7.27,48.05,141.4,Fashion,75.66,13,Impulsive Buyer
U00520,32.526828499980596,Male,60719.65,30.96,5,1.71,14.19,236.12,Fashion,81.44,10,Emotional Buyer
U00521,26.291898535283597,Non-binary,53096.64,31.27,8,3.2,52.74,258.74,Beauty,89.72,12,Emotional Buyer
U00522,44.18750675778615,Female,116390.24,29.27,5,11.71,28.76,401.79,Luxury,17.13,1,Luxury Shopper
U00523,28.85801569088927,Female,59977.5,41.33,2,1.93,46.89,202.09,Fashion,74.45,11,Impulsive Buyer
U00524,46.0143899527408,Male,33608.19,28.36,3,9.8,75.03,78.83,Groceries,12.63,7,Budget Conscious
U00525,35.46487646993907,Female,61357.73,32.98,12,6.46,40.98,98.59,Electronics,87.35,11,Window Shopper
U00526,31.537180992654754,Male,128167.65,17.53,6,8.8,36.43,443.19,Luxury,1.92,2,Luxury Shopper
U00527,38.30442102296242,Male,62033.14,22.19,6,4.58,53.19,310.1,Beauty,54.23,7,Emotional Buyer
U00528,28.08303511902165,Male,31368.7,26.75,7,5.21,54.25,135.17,Fashion,87.66,14,Emotional Buyer
U00529,25.832819794229408,Female,58940.62,36.49,3,3.57,52.04,33.54,Fashion,19.72,2,Window Shopper
U00530,40.53222791422796,Male,130834.35,19.27,6,7.57,20.13,452.36,Electronics,22.3,6,Luxury Shopper
U00531,24.38927244552349,Male,70404.44,54.96,0,0.93,20.89,127.05,Beauty,23.6,0,Window Shopper
U00532,29.828777553027212,Female,35396.0,33.56,0,5.91,54.24,91.32,Fashion,12.87,2,Window Shopper
U00533,37.09767126455842,Male,135190.7,13.23,4,9.5,23.9,454.16,Luxury,15.62,7,Luxury Shopper
U00534,22.752361528169544,Male,76401.75,24.94,1,3.2,28.43,97.35,Fashion,36.43,5,Window Shopper
U00535,26.536224622180743,Male,60699.66,40.61,6,0.3,40.62,171.23,Electronics,67.47,11,Impulsive Buyer
U00536,20.221425616809764,Male,57808.75,40.52,10,3.21,34.62,264.36,Fashion,56.96,9,Impulsive Buyer
U00537,39.512515676704275,Female,46826.88,21.52,5,12.61,92.06,156.96,Groceries,13.11,2,Budget Conscious
U00538,42.988702427742986,Female,76515.96,44.76,5,6.99,9.77,277.41,Electronics,56.08,12,Impulsive Buyer
U00539,25.276524062578027,Female,73820.98,44.94,8,3.59,31.24,153.02,Electronics,80.4,14,Impulsive Buyer
U00540,30.385559961077227,Female,42571.69,29.76,11,4.43,24.9,135.41,Beauty,80.44,8,Emotional Buyer
U00541,36.06922963244367,Non-binary,58264.25,36.41,2,6.68,41.36,128.23,Beauty,69.44,6,Emotional Buyer
U00542,32.553489545516264,Female,38143.21,20.22,3,5.22,90.89,86.45,Groceries,9.72,3,Budget Conscious
U00543,21.5765844357808,Male,37726.27,32.71,11,3.56,45.15,132.8,Beauty,95.45,10,Emotional Buyer
U00544,27.289269300417246,Female,67633.91,16.51,7,4.04,72.61,155.68,Fashion,73.73,17,Emotional Buyer
U00545,26.759975142919323,Female,45281.22,29.62,8,4.3,0.14,267.19,Fashion,52.82,7,Impulsive Buyer
U00546,48.715512670547184,Female,47067.62,11.39,2,7.6,84.45,15.75,Groceries,30.8,3,Budget Conscious
U00547,43.87363234479919,Female,115769.95,22.06,6,8.94,38.09,408.4,Electronics,42.01,5,Window Shopper
U00548,27.17330899622273,Male,61973.31,41.02,5,6.54,3.56,279.16,Fashion,67.11,11,Impulsive Buyer
U00549,29.99920918537822,Non-binary,69734.99,51.62,1,7.13,19.54,92.45,Fashion,18.18,3,Window Shopper
U00550,28.076073524235913,Male,43974.06,13.03,4,5.04,96.52,144.93,Groceries,28.47,4,Budget Conscious
U00551,39.17260005179014,Female,53630.15,26.13,4,8.58,63.11,107.58,Groceries,1.66,4,Budget Conscious
U00552,30.95460682937028,Male,71468.28,25.85,10,1.87,34.93,171.53,Fashion,86.12,11,Impulsive Buyer
U00553,24.426042822677132,Female,62231.72,21.51,8,3.97,68.84,121.58,Electronics,64.53,11,Impulsive Buyer
U00554,40.07134790474149,Male,44339.15,35.27,11,5.28,54.39,155.12,Beauty,67.84,6,Emotional Buyer
U00555,30.42868273274665,Male,63454.62,32.66,6,4.31,7.2,105.8,Fashion,61.85,8,Impulsive Buyer
U00556,38.24638511225505,Female,130668.36,18.04,7,6.99,23.69,440.89,Electronics,11.46,3,Emotional Buyer
U00557,29.30485561865086,Female,115648.44,15.37,7,6.0,0.0,417.9,Luxury,25.14,7,Luxury Shopper
U00558,33.153586282535684,Female,45392.23,25.31,5,10.2,82.04,79.92,Home,16.74,3,Budget Conscious
U00559,42.64305465268899,Female,41067.6,14.35,6,10.99,66.45,85.84,Groceries,8.28,5,Budget Conscious
U00560,30.174094942476316,Male,51099.46,30.82,3,3.3,73.47,131.73,Groceries,26.94,3,Budget Conscious
U00561,28.99010172723063,Male,51082.81,33.53,13,7.31,18.77,209.7,Electronics,84.22,14,Impulsive Buyer
U00562,37.34911700886684,Non-binary,79641.39,35.32,11,13.41,19.95,595.08,Luxury,33.71,8,Luxury Shopper
U00563,44.737513326643146,Female,77524.5,19.16,2,7.46,14.69,213.15,Beauty,85.16,8,Emotional Buyer
U00564,18.21603941099183,Male,32237.19,38.93,1,4.93,34.15,34.63,Fashion,26.96,2,Window Shopper
U00565,26.75273712213773,Female,44999.66,31.25,2,1.66,34.93,48.75,Fashion,5.21,2,Window Shopper
U00566,33.44851520922845,Male,48995.15,21.04,2,1.41,18.07,78.71,Fashion,27.67,4,Window Shopper
U00567,25.434772053812353,Female,67339.19,41.16,2,1.11,17.95,69.72,Beauty,52.15,3,Window Shopper
U00568,26.66157649475544,Female,66197.43,33.22,4,2.84,42.02,140.03,Fashion,80.73,6,Emotional Buyer
U00569,48.17508340477881,Male,117189.82,19.4,1,8.44,31.27,478.17,Luxury,26.79,4,Luxury Shopper
U00570,42.522206263912835,Female,60699.82,34.43,2,9.97,75.25,146.27,Groceries,17.6,2,Budget Conscious
U00571,42.92950289542717,Male,114700.57,23.7,10,8.8,6.77,444.73,Luxury,32.97,9,Luxury Shopper
U00572,25.48309664149608,Male,75099.04,7.45,1,3.1,29.07,283.39,Beauty,82.4,9,Emotional Buyer
U00573,39.333921892813535,Female,47814.68,23.08,5,6.95,77.53,136.49,Groceries,16.75,4,Budget Conscious
U00574,30.089226147793593,Non-binary,62676.7,55.71,5,5.29,59.05,42.89,Beauty,23.55,2,Window Shopper
U00575,27.85680235844465,Male,47219.58,39.21,5,3.27,34.87,228.35,Beauty,71.09,6,Emotional Buyer
U00576,34.48400463661646,Male,36928.73,8.38,2,6.33,95.46,129.39,Groceries,9.1,3,Budget Conscious
U00577,35.37685143466707,Male,48118.4,25.48,5,2.95,55.25,167.96,Beauty,75.37,9,Emotional Buyer
U00578,49.91570580075911,Male,36514.99,20.39,4,8.61,99.59,103.71,Groceries,9.4,4,Budget Conscious
U00579,18.0,Male,79247.43,33.78,6,4.15,43.97,180.74,Fashion,65.65,1,Emotional Buyer
U00580,42.94554152841608,Male,100810.13,23.38,7,7.08,21.92,361.25,Luxury,35.49,4,Luxury Shopper
U00581,29.10144781168784,Male,40566.47,9.05,9,8.39,75.08,75.83,Home,22.27,3,Budget Conscious
U00582,24.237816853949482,Female,52174.44,21.47,4,8.9,69.93,122.51,Groceries,25.23,4,Budget Conscious
U00583,18.786914146476217,Female,54073.93,42.75,11,3.28,54.78,256.11,Fashion,75.5,19,Impulsive Buyer
U00584,49.72671868684715,Male,112710.21,13.67,5,7.78,14.18,416.37,Luxury,37.57,6,Luxury Shopper
U00585,46.886984958667625,Female,72394.8,18.51,4,3.2,42.65,344.32,Beauty,95.14,8,Emotional Buyer
U00586,18.0,Female,65376.96,54.94,1,1.39,41.76,107.93,Beauty,18.37,0,Budget Conscious
U00587,46.98042144599103,Female,23501.29,34.93,5,3.8,42.6,138.23,Electronics,80.9,14,Impulsive Buyer
U00588,41.24422986265711,Male,124480.35,19.86,0,10.54,27.32,453.02,Luxury,38.29,3,Luxury Shopper
U00589,33.21892608340638,Female,58354.48,45.2,11,2.67,49.81,135.83,Electronics,79.39,15,Impulsive Buyer
U00590,31.097854510859285,Male,39221.85,27.88,8,7.82,33.49,202.1,Fashion,74.12,15,Impulsive Buyer
U00591,24.768926187659563,Male,67511.54,22.22,7,6.63,80.01,266.37,Fashion,91.26,9,Emotional Buyer
U00592,43.02364533754016,Male,36759.78,9.94,2,7.48,94.09,94.83,Home,18.61,3,Budget Conscious
U00593,43.21729078471265,Female,108507.43,23.08,4,9.96,21.09,509.76,Electronics,29.53,3,Luxury Shopper
U00594,18.939509342622973,Male,45966.81,13.18,5,8.66,81.68,67.63,Home,2.02,4,Budget Conscious
U00595,20.06876141791488,Male,33732.56,33.6,7,4.38,22.85,149.76,Fashion,62.55,8,Impulsive Buyer
U00596,38.71970896879761,Male,104048.32,23.31,1,6.2,3.74,379.12,Luxury,10.65,2,Luxury Shopper
U00597,18.0,Male,64069.85,43.84,3,4.2,56.58,92.85,Fashion,26.63,1,Window Shopper
U00598,29.259152102517408,Female,61513.89,43.69,3,1.69,18.01,91.51,Fashion,38.66,5,Window Shopper
U00599,29.40721949188813,Non-binary,66191.2,27.62,8,4.86,30.79,203.1,Fashion,88.45,12,Emotional Buyer
U00600,47.39072962154447,Female,61500.68,8.37,6,8.43,89.65,186.81,Groceries,16.06,1,Budget Conscious
U00601,35.66472139328268,Male,46740.36,21.73,4,9.93,68.01,137.57,Groceries,23.1,2,Budget Conscious
U00602,32.446914472057024,Male,63073.5,39.94,0,3.93,26.25,86.28,Beauty,30.06,1,Window Shopper
U00603,34.19860690141825,Female,38918.26,25.34,5,4.62,59.3,224.53,Beauty,93.67,13,Emotional Buyer
U00604,24.475073550134955,Male,55785.97,54.05,2,4.59,5.63,110.53,Fashion,29.02,3,Window Shopper
U00605,32.34393867775684,Female,57662.87,30.52,8,4.85,36.52,210.0,Beauty,100.0,11,Emotional Buyer
U00606,40.84440374585112,Male,63123.97,43.45,0,1.24,36.24,110.75,Beauty,23.04,2,Window Shopper
U00607,24.252408138952024,Male,53077.97,29.4,8,3.33,6.15,323.72,Beauty,82.97,9,Emotional Buyer
U00608,27.50241015813968,Female,75988.5,22.3,5,4.06,30.76,216.53,Fashion,73.58,11,Impulsive Buyer
U00609,18.0,Female,60380.32,42.31,0,1.78,28.98,71.16,Beauty,36.89,4,Window Shopper
U00610,20.290553927392658,Male,33011.14,4.99,3,11.63,78.68,100.28,Home,14.78,4,Budget Conscious
U00611,28.027101336341993,Female,70032.82,19.67,3,11.34,69.12,71.61,Groceries,5.74,4,Budget Conscious
U00612,25.066667203809175,Male,62516.16,53.39,2,1.5,13.92,95.1,Fashion,33.01,4,Window Shopper
U00613,46.61951328935207,Male,48101.16,22.57,4,3.12,34.52,171.55,Fashion,95.45,9,Emotional Buyer
U00614,18.0,Male,62870.72,31.44,5,2.11,62.18,209.12,Beauty,92.83,9,Emotional Buyer
U00615,47.393572176541106,Female,152281.41,20.31,6,8.49,7.37,314.77,Luxury,34.19,7,Luxury Shopper
U00616,28.317670444989332,Male,61214.71,38.0,2,4.61,17.92,127.53,Beauty,16.05,4,Window Shopper
U00617,31.132295909224116,Non-binary,59799.24,35.14,7,1.1,56.61,24.31,Beauty,21.37,2,Window Shopper
U00618,39.88137445713719,Female,85484.3,31.98,1,7.69,1.52,445.04,Luxury,12.09,9,Luxury Shopper
U00619,22.32748947959642,Female,67877.89,41.62,7,4.12,25.25,247.33,Fashion,73.17,10,Impulsive Buyer
U00620,41.78980743754903,Female,45452.76,32.67,11,2.97,42.68,208.74,Fashion,64.9,12,Impulsive Buyer
U00621,24.32753710814706,Female,87848.88,46.29,0,4.96,27.44,84.49,Beauty,24.41,2,Window Shopper
U00622,22.74716303588782,Male,59644.0,26.04,4,9.95,85.27,135.11,Home,7.04,3,Budget Conscious
U00623,25.055291653920875,Male,50218.54,23.16,4,5.72,54.2,101.81,Beauty,76.88,11,Emotional Buyer
U00624,37.82103905046822,Male,44122.37,15.81,3,13.12,83.19,110.94,Groceries,33.08,1,Budget Conscious
U00625,26.311100238166443,Female,58478.88,31.32,6,3.67,44.49,177.59,Beauty,76.86,8,Emotional Buyer
U00626,24.990898334642004,Female,59087.82,15.97,3,6.17,79.43,110.32,Groceries,0.0,3,Budget Conscious
U00627,22.102443874695894,Female,55781.0,44.9,1,3.67,27.25,106.48,Fashion,39.82,1,Window Shopper
U00628,26.874135262216015,Male,44791.13,28.82,3,4.31,13.58,195.46,Fashion,88.2,10,Impulsive Buyer
U00629,39.49174505172482,Male,47363.61,19.28,3,14.54,77.29,54.56,Home,17.6,3,Budget Conscious
U00630,32.62699983746801,Female,77873.25,58.78,0,2.6,23.06,108.89,Fashion,19.17,1,Window Shopper
U00631,23.891242017861213,Male,51809.76,23.15,8,2.27,46.17,187.19,Beauty,81.98,7,Emotional Buyer
U00632,41.64949151835171,Female,42030.04,20.05,4,4.27,47.42,272.52,Beauty,84.26,6,Emotional Buyer
U00633,32.935273181904215,Female,69264.94,34.1,14,3.39,53.31,170.26,Fashion,87.65,11,Impulsive Buyer
U00634,36.394763966317825,Female,113922.82,13.52,7,7.17,6.23,441.7,Luxury,41.61,4,Luxury Shopper
U00635,24.12703852341154,Non-binary,71621.54,42.01,6,3.78,22.58,84.13,Electronics,75.61,14,Impulsive Buyer
U00636,24.914186995657516,Male,34775.4,37.55,8,4.76,31.39,197.26,Electronics,93.76,6,Impulsive Buyer
U00637,30.514980375053536,Male,48782.65,41.38,3,2.91,20.42,66.42,Beauty,25.24,4,Window Shopper
U00638,22.76717840243304,Female,71140.82,45.34,1,2.13,35.03,98.72,Fashion,19.8,2,Window Shopper
U00639,32.16657628180989,Female,84599.54,42.89,1,5.51,4.69,83.63,Fashion,18.53,2,Window Shopper
U00640,18.0,Male,77126.62,23.83,9,2.75,53.66,168.83,Beauty,77.3,15,Emotional Buyer
U00641,25.349862024107843,Female,57165.08,32.21,0,0.3,28.24,84.58,Beauty,21.65,3,Window Shopper
U00642,25.497522492951923,Male,50223.28,42.4,2,2.3,42.74,33.54,Fashion,36.4,1,Window Shopper
U00643,28.22282637028581,Male,59726.48,27.23,3,2.44,4.01,237.05,Electronics,54.78,9,Impulsive Buyer
U00644,24.572492464641314,Female,95504.53,10.21,4,7.63,0.0,381.97,Luxury,39.49,4,Luxury Shopper
U00645,32.59398353812487,Male,53870.14,15.76,6,6.25,70.29,103.92,Home,10.06,3,Budget Conscious
U00646,44.55061183527325,Non-binary,62919.21,39.44,4,2.37,36.47,258.22,Fashion,91.4,8,Emotional Buyer
U00647,36.04659093515856,Male,61887.66,28.15,7,5.75,18.35,252.42,Fashion,58.67,14,Impulsive Buyer
U00648,31.08614475625951,Male,38536.67,20.17,1,4.48,96.56,112.22,Groceries,24.37,5,Budget Conscious
U00649,24.33745808830016,Male,56408.83,31.39,1,3.29,23.89,89.06,Beauty,34.05,2,Window Shopper
U00650,18.0,Female,34435.36,28.03,16,4.79,61.08,217.46,Fashion,86.34,12,Impulsive Buyer
U00651,37.08213566814153,Male,30139.98,16.81,5,12.03,96.71,90.96,Home,10.99,3,Budget Conscious
U00652,33.87560100770919,Female,57000.01,34.47,11,4.33,40.21,184.22,Fashion,88.64,5,Emotional Buyer
U00653,23.97540737598927,Male,65203.66,40.36,3,3.76,35.06,130.19,Beauty,49.33,2,Window Shopper
U00654,50.33262298513918,Male,109016.29,5.34,5,12.38,7.7,502.01,Electronics,40.95,1,Luxury Shopper
U00655,19.202100171144856,Male,64162.61,17.49,6,7.21,53.05,143.94,Fashion,71.94,9,Emotional Buyer
U00656,34.49642073445511,Male,109707.12,5.42,2,11.21,3.72,223.17,Luxury,32.3,4,Luxury Shopper
U00657,18.0,Male,81530.12,32.79,4,4.98,34.64,152.01,Beauty,94.11,11,Emotional Buyer
U00658,42.060316035100115,Female,97270.96,15.6,2,8.12,16.56,602.48,Luxury,7.6,4,Luxury Shopper
U00659,41.40870214830859,Female,71240.77,17.68,4,7.31,80.64,114.87,Groceries,29.64,6,Budget Conscious
U00660,60.27054899546241,Female,128664.37,18.89,6,10.96,19.69,564.9,Electronics,16.81,7,Luxury Shopper
U00661,48.09669020903734,Male,141724.01,23.1,3,4.99,6.89,455.65,Luxury,21.94,6,Luxury Shopper
U00662,29.939254593044573,Female,77481.02,23.72,8,3.95,68.55,184.86,Beauty,90.46,4,Emotional Buyer
U00663,20.475280611915807,Female,52745.57,36.16,13,3.51,32.95,190.51,Fashion,57.77,9,Impulsive Buyer
U00664,18.0,Male,41100.17,46.57,12,5.2,31.11,253.53,Electronics,75.96,7,Impulsive Buyer
U00665,51.76219893887977,Female,140536.74,18.35,6,11.56,8.36,436.22,Luxury,9.66,3,Luxury Shopper
U00666,25.236557062513313,Female,60691.39,68.95,4,4.04,49.47,67.89,Fashion,20.19,1,Window Shopper
U00667,25.152096610129576,Female,67603.4,33.8,1,0.2,49.03,97.03,Fashion,34.79,2,Window Shopper
U00668,29.99641230697967,Female,51702.4,28.75,9,1.77,54.05,221.59,Beauty,72.3,7,Emotional Buyer
U00669,36.14551900216238,Male,133710.81,22.94,3,11.66,9.85,518.23,Luxury,23.05,7,Luxury Shopper
U00670,50.13365940801657,Female,35037.16,18.4,3,9.35,88.78,124.82,Groceries,14.97,3,Budget Conscious
U00671,21.546694079313333,Female,54471.74,33.81,4,6.61,23.84,159.03,Fashion,49.38,3,Impulsive Buyer
U00672,31.58791472392478,Non-binary,37122.9,22.77,2,5.86,65.08,137.46,Home,5.76,2,Budget Conscious
U00673,33.95766507538439,Male,51778.14,35.57,6,3.59,36.82,169.47,Beauty,81.02,11,Emotional Buyer
U00674,28.55434191899603,Male,57885.05,42.97,3,3.37,33.91,74.65,Fashion,32.35,3,Window Shopper
U00675,34.501314866581794,Male,47655.27,26.77,4,14.71,78.81,119.14,Groceries,5.15,2,Budget Conscious
U00676,48.582205901691246,Male,95333.45,14.77,8,13.08,0.0,476.73,Luxury,28.58,7,Luxury Shopper
U00677,30.355906326134765,Female,49867.51,28.46,5,3.19,26.8,144.38,Fashion,58.42,2,Emotional Buyer
U00678,29.264333577468406,Male,51204.29,22.73,3,13.58,56.43,129.67,Groceries,10.16,0,Budget Conscious
U00679,24.97967297419209,Male,47117.35,52.1,8,8.71,40.19,231.01,Fashion,58.25,8,Impulsive Buyer
U00680,43.02094023769587,Female,115561.1,19.37,9,10.52,8.96,435.1,Electronics,19.25,5,Luxury Shopper
U00681,20.828677410478406,Female,56593.27,38.1,5,2.83,24.32,186.17,Fashion,54.41,15,Impulsive Buyer
U00682,24.703308618575438,Female,78214.14,25.62,10,3.91,33.99,253.96,Electronics,76.33,9,Impulsive Buyer
U00683,18.0,Male,44863.83,34.47,6,3.58,39.69,166.92,Fashion,68.38,11,Impulsive Buyer
U00684,35.82647574594706,Male,38135.73,27.33,3,12.69,77.82,43.92,Groceries,15.18,3,Budget Conscious
U00685,18.0,Male,86958.99,43.25,3,2.64,25.56,64.73,Fashion,24.55,5,Window Shopper
U00686,43.95296543557102,Female,125553.78,15.64,5,8.29,17.91,335.28,Electronics,8.7,5,Luxury Shopper
U00687,30.63218356116298,Female,42572.15,18.6,0,8.34,83.86,120.31,Home,14.41,1,Budget Conscious
U00688,41.91887555415214,Female,55078.38,26.01,2,4.4,34.49,203.86,Fashion,94.16,5,Emotional Buyer
U00689,34.32338428535244,Male,58462.51,47.38,0,3.93,32.49,102.81,Fashion,45.51,3,Window Shopper
U00690,36.043318766691705,Male,45867.46,22.67,5,10.39,82.24,78.3,Groceries,10.36,2,Budget Conscious
U00691,56.469063847214976,Male,135652.24,24.11,5,10.22,20.94,662.15,Luxury,30.59,2,Luxury Shopper
U00692,30.324688320383295,Male,55948.65,17.08,2,4.54,78.04,211.17,Beauty,74.47,8,Emotional Buyer
U00693,36.586036885232986,Male,160020.42,12.18,2,8.22,28.97,591.76,Luxury,28.38,1,Luxury Shopper
U00694,38.03570414877433,Non-binary,138129.83,18.77,0,8.39,23.17,497.61,Electronics,24.88,3,Window Shopper
U00695,26.248583968887402,Male,43655.83,32.62,11,2.37,37.77,186.83,Fashion,72.8,8,Emotional Buyer
U00696,33.25608558650698,Female,57728.98,18.8,3,9.35,85.61,143.68,Groceries,20.52,1,Budget Conscious
U00697,29.61209282319058,Female,48715.82,27.92,0,4.63,21.56,112.74,Beauty,29.46,2,Window Shopper
U00698,35.873147583646066,Female,48395.11,20.65,2,11.55,64.59,126.18,Home,10.96,6,Budget Conscious
U00699,20.7441313725885,Female,64963.4,42.98,0,3.63,20.05,56.47,Fashion,21.28,3,Window Shopper
U00700,35.387221221603795,Female,137270.11,17.07,6,8.59,11.1,517.67,Luxury,29.6,5,Luxury Shopper
U00701,44.04100518689048,Non-binary,167774.35,25.88,10,11.85,14.89,532.33,Electronics,21.34,3,Luxury Shopper
U00702,40.05940744955154,Female,115052.0,17.8,6,6.88,25.43,527.15,Electronics,29.96,2,Luxury Shopper
U00703,23.97915297352628,Non-binary,62985.49,35.13,8,7.0,42.51,314.42,Fashion,61.17,6,Impulsive Buyer
U00704,41.407063749864584,Male,53336.6,24.84,4,3.21,47.56,207.77,Beauty,82.51,8,Emotional Buyer
U00705,51.58584563968384,Male,111624.32,18.1,8,5.95,30.7,285.86,Luxury,25.14,4,Luxury Shopper
U00706,30.943518221072885,Male,44863.36,24.45,4,7.9,67.52,156.17,Home,14.06,3,Budget Conscious
U00707,38.879022198137534,Female,77070.92,36.83,2,1.93,16.57,90.53,Fashion,18.73,3,Budget Conscious
U00708,30.809284958411475,Male,72402.86,30.03,2,1.01,71.24,66.23,Fashion,26.88,0,Window Shopper
U00709,39.54265567764251,Female,18000.0,16.25,5,13.4,90.9,145.94,Groceries,21.13,3,Budget Conscious
U00710,35.52238397894473,Non-binary,61934.19,14.94,3,7.55,80.17,122.4,Groceries,5.13,4,Budget Conscious
U00711,36.72170576549148,Female,58670.45,18.84,6,7.24,18.84,350.07,Fashion,100.0,9,Emotional Buyer
U00712,20.061204902145825,Female,93085.42,45.97,2,2.37,28.64,74.36,Fashion,38.99,1,Window Shopper
U00713,37.68163478252739,Male,51365.15,22.79,6,3.28,19.43,209.99,Beauty,100.0,6,Emotional Buyer
U00714,42.34069846286392,Male,62000.71,25.69,8,3.73,54.21,131.57,Fashion,72.66,7,Emotional Buyer
U00715,35.660045921577755,Female,65660.13,45.96,0,0.93,39.28,107.76,Beauty,11.6,2,Window Shopper
U00716,38.38364533334108,Male,74969.66,43.38,12,2.87,21.5,367.0,Electronics,90.01,4,Luxury Shopper
U00717,31.281497393286326,Female,48958.62,18.64,7,8.46,63.65,118.4,Home,23.41,1,Budget Conscious
U00718,32.127016283602394,Male,40331.91,35.52,12,4.67,23.47,235.08,Fashion,79.95,12,Impulsive Buyer
U00719,39.80713663321204,Female,52064.63,36.23,3,0.22,12.68,77.57,Beauty,14.83,3,Window Shopper
U00720,30.206852640864774,Female,72524.1,16.98,4,3.99,74.72,330.23,Fashion,72.55,14,Emotional Buyer
U00721,37.01545314450867,Female,40546.19,17.37,5,7.21,94.18,148.55,Groceries,27.91,4,Budget Conscious
U00722,30.41000313643287,Female,37432.72,25.44,4,9.83,92.15,106.36,Groceries,31.19,2,Budget Conscious
U00723,28.396597282733456,Female,77641.49,20.89,5,9.01,39.52,310.59,Fashion,45.75,11,Impulsive Buyer
U00724,35.0902507232095,Female,81306.62,33.62,1,4.26,19.16,312.58,Beauty,91.4,15,Emotional Buyer
U00725,24.60647909998033,Female,46990.69,19.75,5,4.62,35.46,98.46,Fashion,81.35,7,Impulsive Buyer
U00726,19.93799592201023,Female,77813.93,41.45,8,5.82,34.48,110.06,Electronics,69.59,9,Impulsive Buyer
U00727,26.991668466368946,Male,122026.44,13.57,5,9.66,13.18,464.33,Luxury,36.17,6,Luxury Shopper
U00728,21.71129863503267,Female,65409.13,42.95,11,5.42,65.85,196.71,Electronics,68.87,11,Impulsive Buyer
U00729,38.513835015044016,Male,36089.59,18.02,1,7.94,87.13,145.35,Groceries,40.42,3,Budget Conscious
U00730,31.30658620712414,Non-binary,52443.14,24.67,5,9.72,53.33,145.54,Home,10.71,1,Budget Conscious
U00731,45.651989566491785,Female,100072.83,34.54,3,9.45,19.92,404.12,Luxury,2.92,3,Luxury Shopper
U00732,26.930292049542135,Male,58410.62,31.18,7,4.48,24.66,192.86,Fashion,67.11,10,Impulsive Buyer
U00733,34.61057461393716,Female,50771.76,37.11,4,6.15,52.56,157.53,Electronics,71.96,7,Impulsive Buyer
U00734,33.64644952430572,Female,128131.31,21.9,2,7.34,12.64,448.59,Luxury,22.22,0,Luxury Shopper
U00735,36.62242119719898,Male,45759.85,25.48,7,3.89,12.03,81.47,Electronics,61.24,13,Impulsive Buyer
U00736,24.908254429709586,Male,37628.13,40.24,0,1.57,50.69,85.68,Fashion,31.38,0,Window Shopper
U00737,37.80812418556275,Male,49297.05,29.93,11,6.39,41.6,268.01,Fashion,62.0,15,Luxury Shopper
U00738,44.77710221685883,Female,87259.85,25.04,3,10.38,1.23,516.1,Luxury,24.32,4,Luxury Shopper
U00739,39.17588276277575,Male,112633.23,18.77,8,11.61,16.29,299.19,Luxury,11.02,1,Luxury Shopper
U00740,36.740729080973004,Female,42206.95,40.43,3,7.92,70.73,121.25,Home,7.83,3,Budget Conscious
U00741,25.481779996681272,Female,66160.22,30.54,5,4.18,49.72,308.23,Fashion,85.22,15,Impulsive Buyer
U00742,28.98785449522007,Female,45924.78,29.39,8,4.74,28.71,277.67,Fashion,50.57,12,Impulsive Buyer
U00743,40.905524871145154,Non-binary,53521.54,38.64,2,4.9,35.51,300.54,Beauty,82.23,11,Emotional Buyer
U00744,28.04283141034058,Female,48330.13,36.55,8,2.66,9.37,234.81,Electronics,55.33,7,Impulsive Buyer
U00745,33.67256530925173,Male,54997.15,14.27,6,11.18,80.04,158.92,Groceries,24.51,5,Budget Conscious
U00746,49.752775711107034,Male,23320.8,22.78,3,12.28,78.86,165.22,Groceries,23.71,1,Budget Conscious
U00747,34.467142457950345,Male,114225.61,16.91,4,11.24,3.49,333.29,Luxury,39.89,5,Luxury Shopper
U00748,37.531526432620055,Male,49379.74,19.17,5,9.39,89.98,129.62,Home,5.31,2,Budget Conscious
U00749,25.142565522973428,Male,51272.27,29.84,0,1.52,31.85,95.84,Fashion,12.67,4,Window Shopper
U00750,19.70948869990504,Female,73899.89,18.63,5,5.31,51.87,228.56,Beauty,95.37,10,Emotional Buyer
U00751,38.075235100618826,Female,139715.77,17.98,6,9.05,1.54,423.0,Electronics,31.88,7,Window Shopper
U00752,33.491149576975275,Male,143597.11,25.19,5,8.81,1.66,504.81,Luxury,3.31,1,Luxury Shopper
U00753,52.12024625425866,Female,99010.73,11.79,8,11.71,9.24,554.55,Electronics,34.8,2,Luxury Shopper
U00754,34.09728661979598,Female,53774.84,18.26,3,13.96,78.04,143.2,Groceries,23.54,2,Budget Conscious
U00755,25.597658741100506,Female,61235.2,26.75,2,0.81,32.95,88.97,Beauty,15.38,3,Window Shopper
U00756,34.17002617250268,Female,158637.47,17.45,7,8.93,8.03,655.05,Luxury,34.53,5,Window Shopper
U00757,39.42321496075531,Female,125931.62,18.6,1,11.08,31.46,435.18,Electronics,10.79,2,Luxury Shopper
U00758,29.61254278970011,Female,54686.57,20.5,3,5.67,59.37,158.71,Fashion,86.3,7,Emotional Buyer
U00759,25.91626955087721,Male,54179.79,31.06,7,3.82,2.36,220.96,Fashion,74.34,10,Luxury Shopper
U00760,30.232421024053043,Female,42534.27,15.25,5,12.72,96.56,91.0,Home,40.87,3,Budget Conscious
U00761,20.312802462050794,Non-binary,47879.07,52.06,1,1.43,9.88,27.35,Beauty,48.23,1,Window Shopper
U00762,43.37732569647834,Non-binary,76404.05,36.06,9,3.56,19.79,182.25,Electronics,41.68,11,Impulsive Buyer
U00763,18.0,Female,73390.96,25.04,10,0.86,42.81,181.12,Fashion,48.63,12,Impulsive Buyer
U00764,27.59960726248902,Male,41287.66,26.71,10,3.47,17.23,323.58,Electronics,75.01,9,Impulsive Buyer
U00765,33.45254897079057,Male,49983.37,21.32,6,8.12,50.64,141.21,Beauty,84.01,6,Emotional Buyer
U00766,35.69179410581234,Male,48568.72,48.15,8,3.64,31.54,178.05,Fashion,97.25,11,Impulsive Buyer
U00767,18.325186563352908,Female,64003.2,37.19,9,6.14,12.39,206.27,Electronics,78.43,2,Impulsive Buyer
U00768,24.83135893581867,Female,75221.39,33.28,11,5.42,30.42,258.44,Fashion,73.3,14,Impulsive Buyer
U00769,27.694772043260855,Female,63172.0,32.95,8,3.4,17.54,239.59,Fashion,48.14,12,Impulsive Buyer
U00770,41.38383130556104,Male,43932.49,28.97,2,14.49,96.27,155.92,Groceries,20.59,4,Budget Conscious
U00771,44.951721605466744,Non-binary,126134.16,17.46,0,12.72,10.84,529.49,Electronics,17.54,3,Luxury Shopper
U00772,35.571673561617196,Male,53280.74,26.08,1,8.61,76.56,99.47,Groceries,27.89,3,Budget Conscious
U00773,18.52862886187509,Male,36488.64,22.4,4,4.44,99.91,70.63,Groceries,24.6,2,Budget Conscious
U00774,32.59165268353779,Non-binary,35453.24,24.18,3,1.91,58.52,284.66,Fashion,80.01,7,Emotional Buyer
U00775,27.4708548087271,Male,40395.68,23.43,11,3.22,36.35,146.32,Fashion,64.15,6,Impulsive Buyer
U00776,27.77314328435685,Female,65460.88,37.19,5,5.8,28.54,308.25,Fashion,100.0,6,Emotional Buyer
U00777,34.13114503180816,Male,48329.43,29.72,6,8.41,99.91,153.64,Groceries,34.02,1,Budget Conscious
U00778,20.36070889390175,Female,50279.04,37.54,9,3.31,14.67,176.11,Fashion,72.03,15,Impulsive Buyer
U00779,27.08968594963647,Female,44803.41,51.66,2,6.36,54.14,61.74,Fashion,12.36,2,Window Shopper
U00780,41.67647877987518,Male,64661.18,19.14,8,4.22,28.09,176.69,Beauty,83.62,6,Emotional Buyer
U00781,48.43551648655743,Non-binary,89634.17,25.71,1,9.93,4.35,520.88,Electronics,5.26,8,Luxury Shopper
U00782,28.97295732199023,Female,45227.9,36.97,12,7.46,30.6,60.37,Beauty,95.2,9,Emotional Buyer
U00783,39.322321669692606,Male,45997.08,22.56,2,7.66,92.29,96.31,Groceries,21.49,5,Budget Conscious
U00784,27.197652523608422,Female,36026.74,18.65,2,7.39,72.61,75.0,Home,27.37,3,Budget Conscious
U00785,23.929715592222436,Female,55548.51,24.79,9,4.15,30.88,203.51,Fashion,72.41,13,Budget Conscious
U00786,40.72890483852303,Female,104574.87,23.72,4,7.02,20.34,525.87,Luxury,21.45,5,Luxury Shopper
U00787,29.13864415765247,Male,49174.88,33.65,4,1.06,45.65,174.33,Beauty,74.46,7,Emotional Buyer
U00788,40.10861432311322,Male,142004.62,20.12,7,5.55,11.84,483.72,Electronics,25.34,7,Luxury Shopper
U00789,37.83484059209154,Female,67126.0,37.85,6,2.97,53.62,81.42,Fashion,26.46,2,Window Shopper
U00790,33.56430652456729,Female,35924.02,12.69,3,4.56,72.71,143.46,Groceries,14.46,1,Budget Conscious
U00791,47.4700592217033,Female,130181.57,26.54,4,6.21,32.44,446.29,Luxury,34.4,7,Luxury Shopper
U00792,30.53222772151151,Female,54772.43,16.39,4,9.63,63.06,157.49,Groceries,16.49,1,Budget Conscious
U00793,23.11356599753325,Male,131252.31,20.76,5,10.3,8.15,424.37,Electronics,21.49,6,Luxury Shopper
U00794,30.795618442959352,Male,41267.6,34.19,4,6.71,9.89,163.43,Fashion,65.11,12,Impulsive Buyer
U00795,35.35555841463359,Male,51391.95,35.63,3,2.56,27.18,187.36,Electronics,71.75,12,Impulsive Buyer
U00796,29.20687545475391,Female,126903.51,31.61,7,9.22,10.77,366.04,Luxury,10.05,7,Luxury Shopper
U00797,34.79095982178259,Male,73635.59,36.32,9,5.69,20.64,261.68,Fashion,68.93,7,Impulsive Buyer
U00798,24.498651245896788,Female,30591.28,33.35,10,2.06,19.47,125.57,Fashion,65.14,13,Impulsive Buyer
U00799,33.17733380487585,Female,68047.49,42.1,0,2.99,13.66,109.04,Fashion,39.8,2,Window Shopper
U00800,28.22049158380004,Non-binary,56295.0,43.09,2,1.46,41.0,64.4,Fashion,23.29,2,Window Shopper
U00801,32.70579612344382,Male,82976.63,39.76,4,2.28,16.48,96.88,Fashion,10.71,2,Window Shopper
U00802,39.41502624431814,Male,103218.98,19.08,5,12.93,39.21,497.37,Luxury,19.47,8,Luxury Shopper
U00803,41.03416547720314,Male,59486.87,25.13,9,3.86,24.24,198.23,Beauty,81.37,6,Emotional Buyer
U00804,36.237807098681365,Male,44008.04,25.84,1,3.64,46.83,105.42,Groceries,18.21,2,Budget Conscious
U00805,32.80601080986179,Male,21675.04,31.28,8,1.92,42.47,265.63,Fashion,69.75,13,Impulsive Buyer
U00806,22.290091104895602,Female,37926.07,35.41,7,4.53,40.62,214.96,Fashion,88.15,5,Impulsive Buyer
U00807,22.89749062744807,Female,66373.56,34.53,3,1.03,35.7,101.36,Beauty,41.8,2,Window Shopper
U00808,27.25558948318084,Female,56043.77,43.08,13,5.24,0.0,329.64,Fashion,59.9,19,Budget Conscious
U00809,47.50909518820824,Female,45779.84,24.35,5,10.88,82.65,35.94,Groceries,0.0,2,Budget Conscious
U00810,18.0,Female,62119.6,24.12,4,5.04,41.16,195.07,Beauty,82.65,8,Emotional Buyer
U00811,42.90449793778655,Female,66177.84,49.49,10,6.39,26.77,269.25,Fashion,55.79,15,Impulsive Buyer
U00812,28.478349861573246,Male,56849.19,20.26,5,6.36,56.07,191.63,Fashion,76.96,13,Impulsive Buyer
U00813,49.190573204586144,Male,70912.99,28.9,4,3.82,32.45,269.18,Beauty,92.37,12,Emotional Buyer
U00814,22.697633606109854,Male,45795.48,22.01,2,14.5,73.09,136.29,Groceries,8.16,2,Budget Conscious
U00815,22.14757308220569,Female,74456.86,28.41,5,10.21,24.19,257.59,Electronics,87.66,15,Impulsive Buyer
U00816,43.838426852060216,Male,78785.83,37.24,9,3.67,27.86,190.24,Beauty,74.61,6,Emotional Buyer
U00817,26.970692776780506,Female,50013.12,28.41,8,4.57,51.27,237.63,Beauty,93.78,10,Emotional Buyer
U00818,50.563439536671915,Female,37016.1,32.94,0,6.52,74.68,136.51,Groceries,28.89,3,Budget Conscious
U00819,31.089569171946618,Female,55181.69,16.7,4,11.27,100.0,166.31,Groceries,19.86,3,Budget Conscious
U00820,34.82206625439601,Female,122198.16,25.42,5,9.34,8.16,467.44,Luxury,25.5,0,Luxury Shopper
U00821,29.904629345784567,Female,33158.49,26.38,8,4.21,56.41,149.36,Fashion,53.74,14,Impulsive Buyer
U00822,38.66767262603313,Male,39841.63,28.59,3,7.79,91.4,139.84,Home,6.27,1,Budget Conscious
U00823,28.686835037765594,Male,151731.6,17.98,5,9.23,21.05,447.66,Luxury,10.37,2,Luxury Shopper
U00824,44.85859810952026,Male,71197.34,49.68,0,3.52,16.65,65.53,Fashion,32.33,1,Window Shopper
U00825,43.40452944931542,Female,44315.89,27.18,14,4.11,27.33,213.02,Beauty,68.98,7,Emotional Buyer
U00826,19.707099568458972,Male,71902.57,33.36,13,4.24,23.51,88.56,Electronics,84.23,12,Impulsive Buyer
U00827,36.389634241021696,Male,38617.6,18.42,3,11.14,100.0,108.96,Groceries,31.15,4,Budget Conscious
U00828,49.26583761699054,Female,136406.43,27.8,3,5.71,7.71,536.58,Luxury,3.18,2,Luxury Shopper
U00829,33.65543320153949,Male,56816.33,33.21,4,4.19,67.62,58.29,Beauty,78.09,11,Emotional Buyer
U00830,44.485140736921004,Male,120450.4,15.23,3,11.13,11.27,441.44,Luxury,30.64,4,Luxury Shopper
U00831,20.13728436857737,Female,64677.73,31.99,1,5.35,65.55,136.37,Groceries,5.27,3,Budget Conscious
U00832,25.798891100535627,Female,56158.42,27.13,3,9.16,64.51,88.66,Groceries,21.47,2,Budget Conscious
U00833,40.93796489931671,Male,157608.69,22.23,4,8.41,12.0,372.64,Luxury,25.38,4,Luxury Shopper
U00834,23.41429488521641,Female,91471.67,30.47,0,3.86,54.38,62.74,Beauty,35.59,0,Window Shopper
U00835,18.942962038353848,Female,93680.7,35.1,1,2.19,35.56,103.74,Beauty,26.43,1,Window Shopper
U00836,30.90523653307795,Female,53998.38,19.42,5,11.51,65.75,98.52,Groceries,20.75,3,Budget Conscious
U00837,19.93344204845037,Non-binary,67481.05,40.23,0,1.75,51.53,87.09,Beauty,33.48,1,Window Shopper
U00838,45.84862054092713,Female,75146.19,20.97,6,6.02,58.42,252.2,Fashion,87.02,9,Emotional Buyer
U00839,42.08025404147322,Female,79564.84,18.46,0,7.78,93.21,153.26,Groceries,20.73,3,Budget Conscious
U00840,25.191146469627245,Female,46547.23,18.51,3,5.35,95.83,115.14,Groceries,27.41,1,Budget Conscious
U00841,20.87981304798435,Male,50992.59,42.65,6,2.34,46.75,190.18,Electronics,71.72,11,Impulsive Buyer
U00842,23.560690366116898,Male,55295.08,30.79,2,3.51,41.59,74.83,Beauty,17.56,3,Window Shopper
U00843,28.20440500903079,Male,43234.25,16.78,3,10.67,77.82,163.72,Groceries,28.93,3,Budget Conscious
U00844,34.849976026062826,Female,40051.19,14.63,4,6.34,69.9,66.62,Groceries,20.9,4,Budget Conscious
U00845,24.050468233245127,Female,58521.83,32.5,11,5.58,48.34,168.17,Electronics,73.76,6,Impulsive Buyer
U00846,41.08690152786932,Male,39703.62,29.2,8,4.05,31.91,195.6,Beauty,84.76,12,Emotional Buyer
U00847,34.44123589617183,Female,92227.71,18.46,3,6.03,19.1,440.22,Electronics,28.02,4,Luxury Shopper
U00848,24.62859547084085,Male,69754.0,45.12,3,2.56,25.39,86.49,Fashion,37.71,1,Budget Conscious
U00849,25.142735668896854,Male,39914.48,34.04,6,4.65,37.08,105.98,Fashion,57.33,13,Impulsive Buyer
U00850,49.32982484312367,Male,58519.7,25.41,6,4.84,57.16,134.64,Beauty,98.11,9,Emotional Buyer
U00851,33.389328990874354,Non-binary,45718.15,36.6,18,5.21,4.33,178.87,Electronics,67.34,8,Impulsive Buyer
U00852,32.13506572439373,Male,59514.45,22.63,7,4.0,17.99,99.11,Fashion,79.37,16,Impulsive Buyer
U00853,18.31971966573645,Female,55387.21,40.72,7,4.67,29.62,186.26,Fashion,83.74,5,Emotional Buyer
U00854,33.12627571770301,Male,78348.42,29.24,4,6.01,71.93,228.91,Fashion,87.52,9,Emotional Buyer
U00855,41.246626535938034,Female,109817.25,20.02,3,7.96,16.1,495.11,Luxury,26.03,6,Luxury Shopper
U00856,40.23190541187406,Male,42785.2,23.19,5,9.64,97.81,47.1,Groceries,19.19,3,Budget Conscious
U00857,26.442373473311577,Female,80075.24,36.53,2,2.52,29.72,66.45,Beauty,34.62,1,Window Shopper
U00858,19.01130522810352,Female,64361.11,31.27,5,2.79,47.95,216.76,Beauty,74.13,8,Emotional Buyer
U00859,45.61329331670795,Male,155904.69,15.62,5,7.42,10.41,406.23,Luxury,22.35,4,Luxury Shopper
U00860,38.594664955272584,Female,27173.71,16.33,4,10.88,57.49,72.13,Groceries,10.43,2,Budget Conscious
U00861,30.27492590714694,Female,47203.57,39.07,0,2.64,24.42,57.28,Beauty,22.44,3,Window Shopper
U00862,18.0,Male,74681.32,32.39,1,0.2,31.35,62.65,Fashion,42.52,2,Window Shopper
U00863,28.448658089506765,Female,68468.01,48.48,2,2.92,58.53,90.4,Beauty,27.64,2,Window Shopper
U00864,25.002637466028677,Male,51266.17,12.19,4,9.91,92.65,137.03,Groceries,22.88,1,Budget Conscious
U00865,32.89971248226414,Female,72089.37,30.83,9,6.17,56.81,207.65,Electronics,54.85,12,Impulsive Buyer
U00866,26.58161987568328,Female,54723.74,13.6,8,5.74,16.85,265.92,Fashion,61.35,7,Emotional Buyer
U00867,51.0950224670559,Female,69998.16,31.1,7,3.01,21.33,237.92,Beauty,88.25,4,Emotional Buyer
U00868,21.81767579923005,Male,69633.0,42.69,5,2.15,37.19,67.57,Beauty,5.79,5,Window Shopper
U00869,18.539524202262218,Non-binary,32078.58,33.26,5,4.0,22.06,197.14,Fashion,75.49,14,Impulsive Buyer
U00870,25.657794378430626,Female,55376.04,12.88,12,5.38,43.28,175.52,Electronics,96.62,5,Impulsive Buyer
U00871,30.56552884884523,Non-binary,52782.49,55.03,1,3.52,11.72,153.9,Beauty,26.63,1,Window Shopper
U00872,31.863332813731557,Male,39248.53,26.59,12,4.62,29.9,160.05,Electronics,86.1,12,Impulsive Buyer
U00873,34.8125231536827,Male,52611.24,24.28,9,5.86,34.98,150.13,Fashion,71.52,6,Emotional Buyer
U00874,37.27240047058368,Male,133098.15,12.04,4,9.0,0.0,461.67,Electronics,18.2,6,Luxury Shopper
U00875,29.61959392798994,Male,44000.01,32.71,2,5.04,50.75,69.12,Fashion,26.21,4,Window Shopper
U00876,39.69196293151541,Male,62344.09,17.51,5,5.22,59.02,58.77,Beauty,93.58,9,Emotional Buyer
U00877,42.2405764563313,Male,115686.0,18.06,8,7.59,24.78,442.55,Luxury,22.53,1,Luxury Shopper
U00878,31.66441790974659,Male,123380.43,25.48,9,4.31,0.0,406.37,Electronics,25.53,2,Luxury Shopper
U00879,20.990003290345975,Female,35622.42,17.11,4,14.95,78.4,109.59,Groceries,9.84,3,Budget Conscious
U00880,41.790025163368306,Female,58030.49,20.68,6,10.88,82.01,91.9,Groceries,25.83,5,Budget Conscious
U00881,48.68706011617038,Male,49994.82,23.15,0,8.88,92.71,162.34,Groceries,9.68,3,Budget Conscious
U00882,29.030313854222335,Female,48309.84,33.27,1,10.52,89.98,76.55,Home,20.19,3,Budget Conscious
U00883,35.83794322492262,Female,75481.77,29.82,4,4.66,39.76,238.36,Beauty,61.03,14,Emotional Buyer
U00884,26.058949372127,Female,45164.45,29.23,4,10.92,65.25,164.35,Home,13.42,2,Budget Conscious
U00885,24.328978629216326,Female,58492.27,25.62,5,7.22,45.92,218.9,Electronics,56.38,6,Impulsive Buyer
U00886,42.43094606003897,Male,110077.39,23.81,3,6.89,0.0,449.09,Luxury,26.72,0,Luxury Shopper
U00887,49.26546573109317,Male,131935.2,10.49,4,5.1,15.24,330.72,Luxury,7.52,6,Luxury Shopper
U00888,26.282043400314667,Female,69568.36,32.15,6,7.33,18.95,149.22,Fashion,62.02,10,Impulsive Buyer
U00889,30.770284629354627,Female,74524.01,36.86,16,3.96,20.43,211.55,Electronics,52.17,5,Impulsive Buyer
U00890,29.183519472404715,Female,57292.19,32.85,1,3.23,31.94,71.56,Beauty,36.41,0,Window Shopper
U00891,52.206324464656404,Female,122951.12,25.67,4,7.4,27.91,461.53,Luxury,12.26,3,Luxury Shopper
U00892,34.49334873170145,Male,58482.89,14.79,5,5.79,39.07,246.8,Fashion,100.0,12,Emotional Buyer
U00893,53.1304381294925,Male,118072.17,13.53,8,6.24,1.23,308.94,Electronics,18.23,3,Luxury Shopper
U00894,23.70464222452151,Male,47745.62,36.78,6,5.89,16.5,178.58,Fashion,68.78,10,Impulsive Buyer
U00895,23.109873776270355,Male,66354.85,31.62,2,2.15,47.54,83.18,Fashion,27.41,2,Window Shopper
U00896,25.11387221155486,Non-binary,50680.02,31.23,5,2.55,40.68,255.34,Beauty,79.01,7,Emotional Buyer
U00897,41.02083050187862,Male,100431.04,23.84,4,6.77,19.09,534.64,Electronics,38.26,1,Luxury Shopper
U00898,27.851090761941684,Male,78238.63,23.19,11,0.98,32.59,163.06,Electronics,80.33,15,Impulsive Buyer
U00899,38.837640670863664,Male,73072.54,19.81,9,6.45,43.11,221.33,Fashion,52.31,12,Impulsive Buyer
U00900,32.37057933895811,Female,56660.41,32.53,4,9.74,99.51,148.48,Groceries,19.89,5,Budget Conscious
U00901,38.38983991340011,Non-binary,51134.1,16.28,9,9.7,81.69,75.9,Home,31.8,0,Budget Conscious
U00902,40.085097306983386,Female,133503.52,21.82,4,5.5,19.93,434.82,Electronics,16.64,9,Luxury Shopper
U00903,27.44997767776648,Female,27334.29,34.19,8,1.0,49.77,224.08,Electronics,48.64,11,Impulsive Buyer
U00904,28.789125051851492,Non-binary,52887.57,28.02,6,7.62,94.49,152.96,Groceries,11.52,2,Budget Conscious
U00905,27.4744911738741,Male,52928.43,36.86,7,3.6,7.27,281.79,Beauty,80.74,1,Emotional Buyer
U00906,25.682664214545426,Female,57111.85,35.28,0,2.7,38.92,66.36,Fashion,26.95,2,Window Shopper
U00907,46.250264850393556,Female,35653.82,15.22,2,9.93,53.13,106.09,Groceries,19.46,1,Budget Conscious
U00908,37.097610512950446,Female,60042.13,9.21,4,4.14,17.61,183.28,Fashion,66.94,9,Impulsive Buyer
U00909,38.30077188247301,Male,116011.95,20.1,6,10.52,12.1,442.12,Luxury,24.45,3,Luxury Shopper
U00910,27.01809388048141,Female,109230.66,30.14,11,7.48,26.47,543.03,Electronics,29.13,5,Luxury Shopper
U00911,21.687479395674284,Non-binary,82127.89,34.08,2,0.88,24.68,122.15,Fashion,34.42,2,Window Shopper
U00912,30.521717192431854,Non-binary,67367.65,10.02,10,4.24,53.14,187.95,Fashion,67.39,16,Emotional Buyer
U00913,22.02971134168797,Male,55640.87,25.16,6,7.73,44.23,209.0,Beauty,88.12,10,Budget Conscious
U00914,31.357801125104523,Male,44612.53,27.3,5,2.76,57.25,197.93,Beauty,72.05,11,Emotional Buyer
U00915,33.7186286889358,Female,64499.28,10.97,6,0.54,39.42,285.98,Beauty,100.0,12,Emotional Buyer
U00916,26.726783265182227,Female,34085.74,34.11,8,3.09,28.56,150.12,Fashion,82.6,4,Emotional Buyer
U00917,31.69384924916615,Male,59003.13,37.9,11,2.81,25.62,374.16,Fashion,80.27,11,Impulsive Buyer
U00918,19.48102138633474,Female,49383.05,14.91,9,4.36,41.3,152.18,Fashion,100.0,10,Impulsive Buyer
U00919,32.78388740933401,Female,138986.89,15.24,8,11.3,7.01,407.44,Luxury,16.7,3,Luxury Shopper
U00920,38.34437832640668,Female,51785.85,18.32,4,7.71,55.25,116.26,Home,3.61,3,Budget Conscious
U00921,20.945718263989104,Female,34743.01,38.44,12,6.64,22.39,181.2,Fashion,67.44,13,Budget Conscious
U00922,33.93173468636824,Female,59915.27,31.49,6,5.13,30.54,371.49,Fashion,96.4,15,Emotional Buyer
U00923,37.44537520881972,Male,32309.03,32.33,8,5.53,88.46,81.24,Home,29.31,3,Budget Conscious
U00924,18.82759001958442,Male,34358.66,12.71,2,11.68,68.97,139.68,Groceries,10.41,2,Budget Conscious
U00925,19.963007444434375,Male,68260.14,29.2,15,1.22,56.37,195.1,Fashion,59.53,19,Impulsive Buyer
U00926,41.059814314785754,Male,167097.26,21.4,4,12.79,24.47,439.36,Luxury,19.57,7,Luxury Shopper
U00927,25.034410869054565,Female,37671.55,38.97,6,5.61,31.85,111.42,Electronics,67.37,11,Impulsive Buyer
U00928,36.600262873149376,Male,27008.88,39.89,10,5.83,10.39,177.14,Beauty,95.76,10,Emotional Buyer
U00929,27.458526758552225,Male,43788.04,7.76,2,8.43,90.65,118.47,Groceries,15.19,3,Budget Conscious
U00930,29.12742060924537,Female,55070.72,57.6,1,3.14,1.7,108.42,Beauty,13.36,1,Window Shopper
U00931,38.05798417718342,Non-binary,157056.06,25.99,2,10.53,24.0,309.62,Luxury,9.93,0,Luxury Shopper
U00932,49.95739573434881,Female,130065.26,15.08,4,10.38,26.45,578.06,Electronics,20.74,3,Luxury Shopper
U00933,31.672067043456813,Female,51385.58,18.04,1,8.62,67.53,112.1,Home,6.97,3,Emotional Buyer
U00934,29.128920209054414,Female,45377.16,37.04,3,0.2,48.07,28.58,Beauty,20.99,0,Window Shopper
U00935,44.924116078827446,Female,64647.22,52.93,0,2.66,0.0,59.6,Fashion,16.07,3,Window Shopper
U00936,26.037311459458028,Female,51282.52,57.68,9,4.84,31.86,220.74,Electronics,67.22,12,Impulsive Buyer
U00937,37.32272803600232,Male,54357.37,31.31,3,5.13,70.63,269.1,Beauty,93.54,9,Emotional Buyer
U00938,33.69780792644028,Male,54546.41,13.42,10,7.3,37.81,153.41,Electronics,75.05,7,Impulsive Buyer
U00939,20.08911963785737,Female,58247.07,23.1,3,2.98,45.59,179.22,Beauty,87.06,7,Emotional Buyer
U00940,40.35377705892537,Male,63522.76,43.18,10,5.2,30.55,157.98,Electronics,56.43,9,Impulsive Buyer
U00941,50.5885925712104,Female,113110.01,14.9,6,9.55,28.96,626.77,Electronics,44.35,4,Luxury Shopper
U00942,26.37437731795469,Male,37417.27,36.57,4,4.71,58.09,260.16,Beauty,81.94,9,Luxury Shopper
U00943,29.670826398504904,Female,51183.45,21.87,12,2.82,1.05,159.04,Fashion,52.39,11,Impulsive Buyer
U00944,29.448503040159807,Female,38337.16,4.84,5,7.13,70.97,110.83,Groceries,28.36,2,Budget Conscious
U00945,38.04916313202318,Male,44812.43,13.54,5,8.15,88.34,126.63,Groceries,20.07,3,Budget Conscious
U00946,32.152492121753966,Male,121830.23,17.89,8,9.92,13.08,315.04,Luxury,33.98,6,Luxury Shopper
U00947,18.051305788948188,Male,65560.31,42.66,1,0.78,49.27,98.66,Fashion,27.07,3,Window Shopper
U00948,37.71043252169719,Male,56249.24,33.45,5,5.09,52.77,310.98,Beauty,93.1,14,Emotional Buyer
U00949,35.66171146941914,Male,41863.89,20.16,6,2.86,46.47,205.71,Beauty,78.43,10,Emotional Buyer
U00950,49.28976667381612,Female,129693.52,19.41,8,7.37,8.88,406.42,Electronics,31.8,1,Luxury Shopper
U00951,35.70859201543496,Female,36296.95,19.04,3,5.88,74.42,106.8,Groceries,18.97,2,Luxury Shopper
U00952,38.61315118573202,Female,113351.15,8.16,5,8.99,5.88,499.16,Luxury,27.17,8,Window Shopper
U00953,47.43025775803293,Female,135696.57,23.59,6,6.16,12.6,439.06,Luxury,6.14,5,Luxury Shopper
U00954,25.664355055826427,Female,47191.39,29.43,7,3.13,20.65,138.17,Fashion,70.8,11,Impulsive Buyer
U00955,44.26788940142863,Male,65499.08,31.96,9,6.24,19.68,222.83,Fashion,84.98,11,Emotional Buyer
U00956,39.34754656541579,Female,48964.77,11.86,0,4.57,53.07,283.04,Fashion,76.18,8,Emotional Buyer
U00957,18.0,Male,66443.61,48.17,5,4.73,31.52,97.55,Fashion,39.53,3,Window Shopper
U00958,18.384857294158554,Male,49561.69,24.55,3,11.77,80.11,153.18,Home,34.55,4,Budget Conscious
U00959,42.02754989884617,Male,54333.02,9.1,5,12.26,50.87,123.32,Groceries,4.95,2,Budget Conscious
U00960,34.20630118878218,Male,40527.7,29.91,5,9.25,74.17,129.07,Groceries,10.17,5,Budget Conscious
U00961,38.33874137876082,Female,33385.8,8.07,6,8.03,96.15,77.84,Groceries,19.43,1,Budget Conscious
U00962,41.722409800843984,Female,27137.62,20.52,7,5.58,67.33,46.92,Groceries,7.21,2,Budget Conscious
U00963,18.277508657447694,Male,50466.89,32.61,8,7.78,53.17,58.44,Fashion,75.06,9,Impulsive Buyer
U00964,29.850894909041024,Male,73036.71,34.3,7,6.26,35.3,192.39,Fashion,90.53,13,Impulsive Buyer
U00965,52.46570656645735,Female,32677.56,35.06,9,1.46,20.17,213.35,Beauty,92.37,4,Emotional Buyer
U00966,25.579810632000953,Female,52247.11,15.6,2,11.91,59.07,137.46,Home,7.83,4,Budget Conscious
U00967,30.676603663033532,Male,45162.75,31.5,4,3.55,40.43,181.33,Beauty,78.66,15,Emotional Buyer
U00968,26.155122724314836,Male,85813.14,24.02,10,2.38,7.78,274.93,Fashion,80.24,14,Impulsive Buyer
U00969,40.741424530330725,Female,36762.8,24.53,5,7.71,100.0,73.67,Groceries,12.87,3,Budget Conscious
U00970,34.22542723143719,Female,31226.94,30.11,9,4.58,39.13,225.79,Electronics,76.16,18,Impulsive Buyer
U00971,45.57046294787952,Male,87295.41,11.31,3,9.25,11.83,437.71,Luxury,17.96,3,Luxury Shopper
U00972,42.84760458469941,Female,67351.24,16.13,10,3.97,25.19,292.55,Fashion,66.6,14,Impulsive Buyer
U00973,33.956715333595575,Male,38103.56,39.98,9,3.17,19.26,220.5,Electronics,54.21,15,Impulsive Buyer
U00974,43.719602175466655,Female,37267.77,11.63,4,3.05,17.9,196.62,Fashion,76.48,11,Emotional Buyer
U00975,51.3503335037084,Male,115035.48,27.19,3,8.83,15.41,458.56,Electronics,23.23,7,Luxury Shopper
U00976,34.20941469545044,Female,46264.83,18.92,3,6.08,63.93,89.09,Home,13.2,3,Emotional Buyer
U00977,46.199365934978886,Female,52805.74,23.66,5,9.34,87.31,127.76,Home,17.06,3,Budget Conscious
U00978,26.067306427042215,Male,30514.97,14.95,3,8.91,90.54,144.34,Groceries,27.34,4,Budget Conscious
U00979,48.68173057934094,Female,43964.34,17.13,2,5.25,73.85,130.87,Home,24.95,4,Budget Conscious
U00980,34.97252390233047,Non-binary,66366.94,25.23,2,2.61,25.71,241.05,Fashion,80.79,15,Budget Conscious
U00981,24.896391681849092,Female,73401.27,33.44,10,6.51,31.91,165.95,Beauty,74.2,9,Emotional Buyer
U00982,52.67327593844385,Male,65696.74,15.05,5,2.11,28.13,233.03,Beauty,95.83,4,Emotional Buyer
U00983,23.31895666466606,Male,67868.33,62.98,1,0.62,37.24,41.88,Fashion,25.97,3,Window Shopper
U00984,29.648641457747203,Male,46193.11,23.0,7,6.48,100.0,124.42,Groceries,32.46,1,Budget Conscious
U00985,21.67916633228962,Female,40940.4,19.14,7,3.99,45.83,293.94,Electronics,83.78,9,Impulsive Buyer
U00986,37.02661206625272,Male,79960.78,21.24,6,6.45,56.14,178.14,Beauty,85.96,5,Emotional Buyer
U00987,38.51909258742836,Male,133222.78,17.04,7,10.87,22.25,506.97,Luxury,51.71,2,Luxury Shopper
U00988,22.13073166998581,Non-binary,56795.31,43.19,11,6.97,0.44,171.83,Fashion,68.13,13,Impulsive Buyer
U00989,49.996238254549944,Female,101514.06,29.15,6,10.79,5.07,381.03,Luxury,21.85,4,Luxury Shopper
U00990,18.0,Female,81161.8,28.46,6,1.94,28.52,132.8,Fashion,16.53,4,Window Shopper
U00991,55.92133140514448,Female,31579.42,26.17,2,11.76,84.13,121.69,Groceries,20.07,0,Budget Conscious
U00992,22.064282040160673,Male,61852.41,49.15,0,1.68,53.74,31.77,Fashion,26.26,3,Window Shopper
U00993,19.240147735024994,Non-binary,55209.89,43.56,2,2.0,25.65,81.22,Fashion,22.82,0,Window Shopper
U00994,22.887692498440266,Female,113371.74,20.04,5,7.16,8.77,458.51,Electronics,37.19,6,Luxury Shopper
U00995,36.3899269835554,Male,58951.13,32.13,5,5.04,9.03,288.34,Beauty,74.62,5,Emotional Buyer
U00996,25.998342187627248,Male,41010.86,27.23,3,7.02,66.75,137.14,Groceries,23.24,1,Budget Conscious
U00997,23.744851557674508,Female,43010.76,35.92,5,0.87,37.96,113.41,Fashion,19.78,2,Window Shopper
U00998,27.0690050323918,Female,49425.39,33.72,7,4.14,30.44,209.76,Electronics,89.58,13,Impulsive Buyer
U00999,42.29904997818372,Male,49310.81,28.98,3,3.57,82.72,114.52,Beauty,75.61,15,Emotional Buyer
U01000,52.14332315605104,Male,126153.68,17.09,6,10.82,27.23,376.56,Luxury,32.68,0,Luxury Shopper
U01001,23.505167309806467,Female,49702.87,46.54,10,5.4,31.94,192.11,Fashion,62.26,16,Impulsive Buyer
U01002,47.056603440911665,Male,36238.63,20.94,3,11.94,55.67,157.5,Groceries,18.76,3,Impulsive Buyer
U01003,36.34831760852465,Male,62760.11,39.93,9,4.44,61.26,289.28,Fashion,81.82,12,Impulsive Buyer
U01004,31.077264477039957,Male,56828.05,21.14,3,7.43,51.74,191.46,Fashion,70.64,15,Impulsive Buyer
U01005,19.065458195160456,Male,84353.86,40.19,2,0.23,44.3,110.71,Beauty,35.81,1,Window Shopper
U01006,41.65783535187542,Male,148962.77,11.63,3,3.85,22.78,458.29,Electronics,26.77,4,Luxury Shopper
U01007,18.31102799341192,Male,57802.39,41.08,6,4.05,27.99,96.38,Fashion,82.25,10,Emotional Buyer
U01008,38.36811767151836,Female,95449.67,22.19,8,13.0,16.25,313.08,Luxury,25.52,2,Luxury Shopper
U01009,37.35440593522602,Male,64353.08,50.08,3,3.31,59.85,33.23,Fashion,28.5,2,Window Shopper
U01010,32.88217210427988,Female,55547.59,19.77,3,10.8,92.77,184.22,Groceries,23.33,3,Budget Conscious
U01011,25.9439564987414,Male,55465.14,39.28,0,0.2,38.78,81.82,Beauty,44.57,3,Window Shopper
U01012,47.705296051796076,Female,62337.07,18.83,3,11.89,67.21,126.79,Groceries,14.3,1,Budget Conscious
U01013,31.871005914961724,Male,45745.92,26.87,6,6.65,88.19,67.38,Groceries,21.48,2,Budget Conscious
U01014,24.641404893526314,Female,49290.38,30.6,2,2.21,44.89,206.03,Beauty,68.64,9,Emotional Buyer
U01015,23.107510047780526,Female,96398.27,20.21,5,5.55,7.23,418.22,Luxury,7.89,3,Luxury Shopper
U01016,24.943986260830094,Female,45780.14,34.18,8,4.89,20.28,198.53,Fashion,67.23,13,Impulsive Buyer
U01017,34.46631315380452,Male,75523.9,30.46,2,3.1,12.67,135.82,Fashion,14.43,2,Window Shopper
U01018,32.35616299506562,Male,52423.16,28.0,7,0.57,47.72,229.28,Beauty,72.53,10,Emotional Buyer
U01019,33.760202584376216,Female,37396.92,33.11,9,5.88,65.41,196.26,Fashion,62.76,9,Impulsive Buyer
U01020,29.344218262292344,Male,33093.29,33.42,5,9.28,77.27,113.36,Groceries,20.27,3,Window Shopper
U01021,33.529856211311305,Male,55329.62,32.5,8,2.96,42.5,161.62,Beauty,81.37,7,Emotional Buyer
U01022,29.24374715147485,Female,89817.2,40.89,0,2.9,18.2,125.14,Fashion,30.86,2,Window Shopper
U01023,48.669882368093155,Male,72070.48,22.87,6,1.29,59.36,169.62,Fashion,75.81,9,Emotional Buyer
U01024,18.0,Female,53991.32,18.47,5,10.28,92.42,175.26,Groceries,24.64,4,Budget Conscious
U01025,30.044741997118045,Female,62755.83,30.04,2,4.12,35.66,80.49,Fashion,14.52,1,Window Shopper
U01026,37.4340670150988,Male,108337.46,18.33,8,9.05,16.37,382.11,Electronics,0.0,8,Luxury Shopper
U01027,23.86303255154417,Female,33235.22,27.28,4,1.46,44.67,237.19,Fashion,65.19,6,Emotional Buyer
U01028,52.48137093741203,Male,94128.66,18.08,5,9.64,0.0,542.96,Luxury,38.42,1,Luxury Shopper
U01029,30.17592075746417,Male,63808.74,52.29,1,1.18,38.31,130.3,Fashion,28.19,2,Window Shopper
U01030,58.857235890572134,Male,28542.98,25.52,5,8.27,71.29,105.16,Groceries,28.11,1,Budget Conscious
U01031,37.3769409599806,Male,42028.08,16.96,9,12.68,60.48,113.51,Home,20.86,3,Budget Conscious
U01032,38.55152127083131,Male,61230.88,46.71,4,3.16,18.58,81.64,Fashion,14.44,6,Luxury Shopper
U01033,18.0,Non-binary,48609.4,22.07,3,5.09,90.12,123.18,Groceries,17.05,1,Budget Conscious
U01034,43.76301411634178,Female,59650.62,27.9,10,3.08,71.45,263.15,Beauty,73.96,13,Emotional Buyer
U01035,36.25450376909961,Female,50160.13,8.23,2,7.73,92.37,146.71,Home,12.95,3,Budget Conscious
U01036,31.1966355128677,Male,63445.63,66.89,2,2.99,63.19,156.89,Beauty,23.13,1,Luxury Shopper
U01037,36.59805002874562,Female,92954.12,27.94,2,10.5,30.85,425.05,Luxury,20.42,6,Luxury Shopper
U01038,37.850890828385275,Female,56647.23,19.21,3,5.22,83.69,138.3,Home,17.32,2,Budget Conscious
U01039,31.098230488813794,Female,43166.66,26.88,1,8.05,92.9,99.39,Groceries,4.41,2,Budget Conscious
U01040,29.434598037968698,Male,62345.34,43.19,10,3.68,13.17,125.72,Fashion,61.7,15,Impulsive Buyer
U01041,18.0,Female,52023.79,29.63,8,3.71,35.42,227.2,Fashion,86.07,15,Impulsive Buyer
U01042,20.331692913707563,Female,54481.44,45.67,1,5.88,32.31,106.31,Fashion,26.58,0,Window Shopper
U01043,31.383245337213364,Female,57614.07,46.47,4,3.22,25.34,87.59,Fashion,18.97,1,Window Shopper
U01044,26.463073738798784,Female,75242.39,41.45,3,5.68,10.4,119.28,Fashion,30.55,4,Window Shopper
U01045,26.2526187715066,Male,67172.45,30.11,4,4.85,46.63,267.54,Electronics,64.14,12,Impulsive Buyer
U01046,47.03314566942575,Female,110018.72,27.39,0,6.84,10.47,490.82,Luxury,1.27,2,Luxury Shopper
U01047,30.030801585966234,Male,40728.68,32.35,9,4.81,27.87,183.92,Fashion,94.58,12,Impulsive Buyer
U01048,28.07965075856789,Male,63096.57,41.34,0,2.51,46.31,86.74,Fashion,26.55,2,Window Shopper
U01049,29.154570983042618,Female,41285.94,25.93,5,5.21,56.62,107.77,Beauty,99.78,4,Emotional Buyer
U01050,41.50601827215951,Male,148799.63,18.01,6,3.81,13.89,459.96,Electronics,38.41,5,Luxury Shopper
U01051,28.844721169597026,Male,76053.37,42.91,1,1.7,20.71,101.78,Beauty,32.96,2,Window Shopper
U01052,36.57916990920985,Male,34144.55,24.55,7,4.73,39.89,197.24,Fashion,59.73,15,Impulsive Buyer
U01053,47.819032137494254,Female,126277.48,28.32,5,8.38,16.33,255.8,Luxury,28.7,5,Luxury Shopper
U01054,28.435898877104563,Female,47036.37,40.71,8,8.11,25.17,119.21,Electronics,89.37,11,Impulsive Buyer
U01055,40.17199715236956,Non-binary,117512.11,10.69,3,8.09,15.59,268.36,Electronics,31.95,4,Luxury Shopper
U01056,33.34362035244448,Male,69866.27,35.1,0,1.42,6.46,89.13,Fashion,30.56,4,Window Shopper
U01057,27.35395652558327,Non-binary,55550.28,32.42,1,2.42,40.29,211.16,Beauty,73.71,8,Emotional Buyer
U01058,34.55411158337294,Male,72654.51,29.17,8,4.53,51.77,201.61,Fashion,63.23,9,Impulsive Buyer
U01059,30.40649186331167,Female,44013.91,13.73,4,9.18,100.0,151.36,Groceries,17.85,5,Budget Conscious
U01060,19.11095814856311,Male,64672.45,30.07,2,1.78,20.15,52.58,Fashion,17.98,1,Window Shopper
U01061,32.80637017689005,Female,55930.37,22.4,7,4.67,27.51,311.83,Beauty,79.48,9,Emotional Buyer
U01062,34.214973176571874,Male,44431.21,18.26,2,11.55,68.94,108.83,Home,11.82,0,Budget Conscious
U01063,35.36335782388231,Female,97152.86,18.54,4,3.01,38.86,426.7,Electronics,30.96,5,Luxury Shopper
U01064,44.43889603420478,Female,34308.78,33.08,1,7.81,66.54,157.68,Home,16.74,3,Budget Conscious
U01065,40.53471510538009,Male,127512.29,6.26,2,7.49,32.05,493.04,Luxury,19.05,6,Luxury Shopper
U01066,29.817851162477087,Male,70828.04,19.21,6,5.04,37.85,244.44,Beauty,100.0,10,Emotional Buyer
U01067,55.50973566561956,Male,151549.32,33.77,10,5.38,25.71,441.78,Luxury,21.52,3,Luxury Shopper
U01068,24.44873317748661,Female,75131.07,38.26,1,4.39,52.66,88.26,Beauty,41.38,2,Window Shopper
U01069,31.700268992268654,Female,52079.05,28.32,9,4.31,9.72,148.85,Electronics,49.93,16,Impulsive Buyer
U01070,36.36201594920235,Non-binary,45460.18,20.67,3,7.84,85.82,58.55,Home,22.38,3,Budget Conscious
U01071,36.56606648266395,Female,48597.26,20.09,6,5.3,57.53,237.33,Beauty,78.44,10,Emotional Buyer
U01072,46.45977154090948,Female,42042.83,4.49,4,5.62,80.12,153.41,Home,6.33,5,Budget Conscious
U01073,44.41155741906571,Male,42883.76,6.6,2,6.34,74.3,126.47,Groceries,14.61,2,Budget Conscious
U01074,28.653189149178605,Female,47281.88,10.86,8,2.88,58.62,241.99,Beauty,81.31,2,Budget Conscious
U01075,21.39133808400497,Male,37646.68,38.53,1,4.18,65.91,154.93,Fashion,75.07,9,Emotional Buyer
U01076,43.36633758817641,Female,108395.04,9.88,2,9.45,8.07,386.63,Luxury,24.27,1,Luxury Shopper
U01077,30.35698382681546,Male,51360.78,18.87,0,9.45,67.81,166.99,Groceries,23.11,3,Budget Conscious
U01078,18.0,Male,51962.9,13.16,3,11.1,84.41,96.43,Home,18.1,4,Budget Conscious
U01079,34.27031718434108,Non-binary,65632.8,49.77,2,3.04,41.13,53.62,Fashion,41.9,1,Window Shopper
U01080,41.95660841366376,Male,145869.03,7.48,6,7.52,25.24,451.23,Luxury,35.83,4,Luxury Shopper
U01081,55.02658197751266,Female,126114.35,12.47,3,12.88,20.59,464.21,Luxury,2.08,5,Luxury Shopper
U01082,30.00886628356346,Male,47576.04,18.15,4,4.75,1.55,231.64,Fashion,99.15,11,Emotional Buyer
U01083,34.89884418790572,Male,65341.91,24.23,2,7.55,12.32,240.57,Beauty,69.31,7,Emotional Buyer
U01084,23.21543710501135,Male,44291.63,37.14,4,4.96,33.49,217.0,Fashion,82.51,10,Emotional Buyer
U01085,36.2341116151277,Male,73917.1,26.77,7,4.22,43.77,202.28,Fashion,73.77,12,Emotional Buyer
U01086,30.82861304410214,Male,64544.03,25.16,2,2.96,15.25,115.75,Fashion,31.8,2,Window Shopper
U01087,19.264858714843314,Male,57225.28,37.49,1,1.3,18.99,120.85,Beauty,24.47,3,Window Shopper
U01088,18.0,Male,88176.31,43.67,0,2.58,41.15,106.13,Fashion,22.46,0,Window Shopper
U01089,34.494434699966774,Female,32805.46,21.73,2,7.87,95.7,91.37,Groceries,25.82,4,Budget Conscious
U01090,41.89506397484337,Male,51484.85,19.02,4,11.74,76.58,103.46,Groceries,13.64,5,Budget Conscious
U01091,47.735895007667885,Male,117517.89,23.26,5,10.01,7.87,517.45,Luxury,24.04,6,Luxury Shopper
U01092,42.19137008250731,Female,67689.82,40.68,2,2.15,20.91,41.02,Beauty,25.83,1,Window Shopper
U01093,45.58428337699245,Male,134720.31,23.59,4,10.0,6.88,576.6,Luxury,38.41,4,Luxury Shopper
U01094,38.874617306945254,Male,130553.73,20.79,3,7.75,28.11,436.05,Electronics,30.32,0,Luxury Shopper
U01095,35.56067795273273,Female,35710.27,25.32,1,6.79,56.3,133.2,Groceries,18.11,4,Budget Conscious
U01096,41.724164546677,Male,62170.66,14.99,1,10.06,99.47,157.7,Home,16.16,2,Budget Conscious
U01097,43.81072874555625,Male,147768.15,26.36,5,4.48,19.51,491.68,Luxury,24.15,6,Luxury Shopper
U01098,37.47862619362778,Male,58297.44,30.78,13,7.78,39.03,182.46,Beauty,80.68,12,Emotional Buyer
U01099,42.84986279357766,Female,48366.13,22.51,10,5.91,59.24,128.6,Beauty,88.16,5,Emotional Buyer
U01100,18.537492557750223,Male,50315.39,24.8,10,5.43,25.37,379.16,Fashion,68.08,8,Impulsive Buyer
U01101,21.833065167653068,Female,40407.5,31.75,11,3.59,17.82,183.15,Fashion,93.72,13,Impulsive Buyer
U01102,47.12604119471323,Male,135935.87,23.86,5,8.04,19.74,494.03,Luxury,32.47,6,Impulsive Buyer
U01103,28.15951459220447,Female,83424.96,34.78,0,0.2,44.75,90.24,Beauty,40.07,1,Window Shopper
U01104,35.12069254401589,Male,36070.73,39.78,2,6.46,56.73,245.35,Fashion,73.17,10,Emotional Buyer
U01105,39.9953066694185,Male,80599.62,24.16,9,5.77,48.93,183.56,Fashion,62.99,7,Impulsive Buyer
U01106,36.8149499043174,Male,51910.44,47.05,1,3.41,32.58,101.43,Fashion,20.17,2,Window Shopper
U01107,37.19598229760303,Male,32437.88,24.36,14,5.22,27.08,132.82,Fashion,59.49,10,Impulsive Buyer
U01108,20.39933605993835,Male,126722.12,18.22,6,10.79,25.16,508.53,Luxury,0.0,4,Luxury Shopper
U01109,19.622790060565606,Male,49130.06,23.41,1,4.78,47.33,158.61,Beauty,77.61,7,Emotional Buyer
U01110,33.48841144110822,Female,40905.72,52.84,12,4.81,44.11,252.34,Fashion,53.38,10,Impulsive Buyer
U01111,41.21549416163657,Non-binary,64010.95,33.22,6,2.31,45.24,185.27,Electronics,100.0,13,Impulsive Buyer
U01112,42.52141767237299,Male,48392.31,15.22,4,7.48,94.85,132.14,Home,8.64,4,Budget Conscious
U01113,36.79885211795471,Non-binary,50239.43,18.57,3,12.02,89.13,110.23,Groceries,7.57,2,Budget Conscious
U01114,37.008159562438664,Non-binary,49663.53,14.61,11,5.3,16.48,164.43,Fashion,76.45,9,Emotional Buyer
U01115,38.38193890793745,Male,38722.64,22.96,9,3.33,27.76,228.39,Beauty,84.82,4,Emotional Buyer
U01116,38.24157494360609,Male,32068.52,35.68,9,4.3,37.5,133.69,Fashion,58.56,12,Impulsive Buyer
U01117,32.93197504218834,Male,67965.48,17.48,5,6.04,51.12,199.33,Electronics,72.06,11,Impulsive Buyer
U01118,32.66862193077304,Female,78013.86,22.18,0,2.49,0.0,119.28,Fashion,22.67,1,Window Shopper
U01119,48.507456334697835,Male,111197.7,30.37,6,10.71,2.78,604.6,Luxury,38.41,6,Luxury Shopper
U01120,28.026366506525015,Male,47076.64,37.8,4,2.46,34.53,239.05,Fashion,93.65,13,Emotional Buyer
U01121,24.596575355703568,Male,68380.24,41.63,0,2.96,40.94,53.74,Fashion,35.83,2,Window Shopper
U01122,21.59660772071499,Male,59621.91,35.86,8,8.59,48.69,247.74,Fashion,80.38,9,Impulsive Buyer
U01123,29.217817085193538,Female,53498.14,19.88,8,4.01,46.31,201.77,Beauty,75.26,10,Emotional Buyer
U01124,43.253594780995314,Female,81301.14,28.14,12,5.39,42.91,242.59,Fashion,67.76,12,Impulsive Buyer
U01125,35.50624854581954,Male,39091.16,21.26,2,9.22,54.55,158.22,Groceries,15.17,4,Budget Conscious
U01126,37.1059655873053,Female,44006.28,21.72,2,5.3,79.96,125.26,Groceries,3.06,2,Budget Conscious
U01127,54.084376907266865,Female,47926.54,9.14,3,10.78,71.22,83.59,Groceries,8.04,6,Budget Conscious
U01128,18.0,Female,68258.29,58.91,2,2.63,22.17,96.66,Beauty,22.35,0,Emotional Buyer
U01129,25.727788074957907,Male,69824.06,21.29,3,3.7,29.62,118.85,Fashion,12.24,2,Window Shopper
U01130,38.04148651978147,Male,66298.14,20.83,9,5.67,24.65,142.7,Fashion,82.56,9,Emotional Buyer
U01131,45.56146754132554,Female,51611.41,23.56,0,4.04,51.78,201.31,Beauty,90.45,7,Emotional Buyer
U01132,20.848673660056942,Female,44890.8,20.44,1,13.0,79.2,216.94,Home,11.61,3,Budget Conscious
U01133,28.840624626334588,Male,59557.16,35.98,11,6.78,0.0,216.07,Electronics,74.09,10,Impulsive Buyer
U01134,25.830819814309244,Female,46141.0,48.7,1,5.15,57.52,116.25,Beauty,35.33,0,Window Shopper
U01135,32.967831306554565,Male,58071.42,28.0,4,6.11,13.62,181.34,Beauty,87.67,8,Emotional Buyer
U01136,40.698876477160056,Male,140584.43,14.84,8,8.36,11.69,463.54,Luxury,26.84,2,Luxury Shopper
U01137,41.23816592736845,Female,55054.65,22.37,4,7.56,90.34,117.91,Groceries,7.49,3,Budget Conscious
U01138,50.757706035332674,Male,40019.68,22.82,5,6.73,84.77,89.94,Home,15.76,1,Budget Conscious
U01139,25.753005364520206,Female,55704.94,29.03,8,3.06,19.76,194.71,Electronics,68.42,20,Impulsive Buyer
U01140,31.191855396535527,Female,68566.03,54.06,4,1.79,49.51,70.33,Fashion,32.73,0,Impulsive Buyer
U01141,37.650267683521115,Male,104846.21,11.15,5,5.83,14.82,549.03,Electronics,35.31,6,Luxury Shopper
U01142,22.97593514192017,Male,70209.75,36.92,0,0.2,37.31,87.67,Beauty,32.91,2,Window Shopper
U01143,37.78454182669306,Male,52817.6,22.74,0,4.01,1.67,277.57,Beauty,83.34,16,Emotional Buyer
U01144,34.25420562002975,Female,62400.14,27.27,11,5.46,39.76,178.55,Beauty,73.74,0,Emotional Buyer
U01145,22.84218588647116,Female,59565.55,24.09,1,10.9,74.92,147.4,Groceries,0.04,3,Budget Conscious
U01146,35.50017193280974,Male,126183.67,27.09,5,9.28,32.69,349.73,Luxury,17.03,0,Luxury Shopper
U01147,31.08632490727182,Male,76400.79,46.8,0,5.84,29.22,87.96,Beauty,0.0,4,Window Shopper
U01148,32.738397824552315,Non-binary,78278.77,50.14,1,5.14,41.48,143.98,Fashion,11.0,1,Window Shopper
U01149,45.54082144092897,Female,51210.63,24.43,0,14.91,69.96,129.05,Home,25.82,4,Budget Conscious
U01150,34.05599866039633,Male,51554.16,25.82,5,3.72,56.1,105.33,Beauty,97.01,5,Emotional Buyer
U01151,28.028987412045282,Male,40773.21,19.72,11,4.39,58.64,214.39,Fashion,65.27,15,Impulsive Buyer
U01152,43.56151106830915,Male,53100.05,36.04,1,5.18,67.4,140.78,Beauty,85.07,15,Emotional Buyer
U01153,32.40298281895761,Female,44022.26,21.75,11,8.14,10.56,241.92,Fashion,36.24,9,Impulsive Buyer
U01154,18.281944467947557,Male,38854.29,37.35,4,3.32,57.1,193.07,Fashion,76.29,10,Impulsive Buyer
U01155,45.799853089491215,Female,47826.84,22.03,5,12.01,68.08,145.89,Groceries,34.1,2,Window Shopper
U01156,33.63180892314356,Male,66056.09,34.18,13,6.89,45.02,307.43,Fashion,68.0,16,Impulsive Buyer
U01157,23.990164929606433,Male,68728.19,22.67,5,5.63,12.44,214.62,Electronics,75.2,7,Impulsive Buyer
U01158,29.411691965835423,Male,73997.32,16.89,9,5.57,7.35,149.33,Fashion,95.09,7,Impulsive Buyer
U01159,22.54690480753457,Male,35585.7,33.41,6,4.7,66.37,99.8,Home,22.95,3,Budget Conscious
U01160,33.195581505863366,Male,60110.23,29.01,3,2.47,51.63,69.2,Fashion,19.98,5,Window Shopper
U01161,26.368377877097004,Male,57670.15,29.11,5,4.63,29.28,204.03,Electronics,71.64,11,Impulsive Buyer
U01162,30.640604208282397,Male,75628.52,26.08,3,1.13,49.6,39.39,Fashion,16.23,4,Window Shopper
U01163,26.748325028994596,Male,57887.56,29.16,8,2.89,26.11,191.6,Fashion,100.0,5,Luxury Shopper
U01164,29.49691590111288,Female,63066.31,34.38,4,3.12,65.16,252.76,Fashion,69.2,13,Impulsive Buyer
U01165,25.506584734869246,Non-binary,56760.39,38.52,10,6.81,23.15,115.69,Fashion,63.44,14,Impulsive Buyer
U01166,29.191726707253242,Male,80382.34,37.6,2,1.65,24.38,269.1,Beauty,85.52,6,Emotional Buyer
U01167,31.954093856797748,Male,64989.68,22.67,4,3.67,59.43,157.44,Beauty,79.02,14,Emotional Buyer
U01168,42.307002445999736,Male,46871.32,27.38,8,11.53,100.0,140.41,Groceries,21.75,3,Budget Conscious
U01169,18.0,Male,58353.16,39.48,10,3.69,31.87,182.45,Beauty,100.0,4,Luxury Shopper
U01170,27.303660529273333,Female,35889.19,30.77,9,4.93,15.06,89.7,Fashion,64.78,16,Impulsive Buyer
U01171,28.39472285981937,Male,169468.01,20.3,3,10.62,5.06,465.89,Luxury,0.27,6,Luxury Shopper
U01172,28.63613522582067,Female,56822.15,46.3,0,2.68,48.25,39.56,Beauty,10.75,1,Window Shopper
U01173,24.623740684914605,Female,77896.29,16.65,4,10.98,25.05,241.21,Electronics,48.75,5,Luxury Shopper
U01174,32.69376737142591,Female,40803.73,46.74,1,4.24,16.65,71.62,Fashion,20.98,3,Window Shopper
U01175,25.39649737105811,Female,61354.06,19.19,2,10.83,71.53,158.7,Home,23.85,4,Budget Conscious
U01176,34.6720440475083,Female,56272.34,43.17,2,0.51,26.34,67.27,Beauty,43.15,1,Window Shopper
U01177,36.78312984991327,Male,31885.38,31.62,2,7.23,93.05,95.31,Home,20.5,3,Budget Conscious
U01178,50.91775057612454,Female,128524.81,24.05,4,7.99,6.02,460.38,Luxury,17.88,7,Luxury Shopper
U01179,47.514514380089125,Male,123136.02,17.58,5,4.49,8.55,536.56,Electronics,23.18,8,Luxury Shopper
U01180,41.370901922713195,Female,65251.16,14.51,13,5.97,24.62,261.23,Fashion,55.28,12,Impulsive Buyer
U01181,20.450493031444978,Male,68556.45,44.37,2,2.41,42.8,93.04,Beauty,20.98,2,Window Shopper
U01182,38.6765469549645,Male,46026.43,31.99,9,4.22,52.7,300.12,Fashion,71.08,19,Impulsive Buyer
U01183,30.718245584392125,Female,60455.9,27.97,9,5.12,28.94,90.58,Electronics,77.31,4,Impulsive Buyer
U01184,27.679293460596465,Male,41365.7,31.9,11,5.38,21.98,187.17,Electronics,94.41,9,Impulsive Buyer
U01185,34.54847770829419,Male,40662.07,27.39,9,4.73,55.09,169.9,Electronics,88.73,11,Impulsive Buyer
U01186,40.276682841694374,Male,41654.29,22.95,8,6.04,65.52,272.74,Fashion,70.01,5,Emotional Buyer
U01187,20.02012931445059,Female,117525.11,19.01,4,8.96,7.86,237.93,Luxury,35.59,3,Luxury Shopper
U01188,36.38816351601835,Male,44996.36,13.94,7,6.17,63.66,297.28,Fashion,59.91,9,Emotional Buyer
U01189,37.7428585125815,Male,61259.43,8.76,4,6.52,39.37,175.36,Fashion,55.5,20,Impulsive Buyer
U01190,18.0,Female,48902.57,41.44,0,4.43,31.23,86.81,Beauty,20.27,0,Window Shopper
U01191,29.591309200700103,Male,47020.15,16.4,2,12.7,83.47,131.11,Groceries,24.01,2,Impulsive Buyer
U01192,34.24150099154682,Female,117025.6,23.28,7,9.08,14.62,463.4,Electronics,32.43,3,Luxury Shopper
U01193,32.682305644916056,Male,45911.4,14.44,2,3.66,71.45,231.99,Beauty,75.77,10,Emotional Buyer
U01194,31.24772499681793,Female,42128.3,29.74,7,7.67,29.92,207.93,Fashion,81.25,11,Emotional Buyer
U01195,33.503840095845334,Female,61573.59,29.44,6,3.7,63.15,163.34,Fashion,97.15,12,Emotional Buyer
U01196,23.619874985578598,Non-binary,69306.48,33.14,10,4.39,14.69,230.96,Electronics,64.92,17,Impulsive Buyer
U01197,49.115490994191944,Male,127087.93,19.66,5,10.82,14.09,509.75,Electronics,35.67,2,Luxury Shopper
U01198,26.232381028743152,Male,38039.18,45.81,0,2.64,13.94,81.88,Beauty,32.75,2,Window Shopper
U01199,39.67107606229537,Non-binary,117013.0,30.56,5,9.09,19.24,503.77,Electronics,22.97,2,Luxury Shopper
U01200,27.263670811203355,Female,36518.18,57.1,1,1.38,35.27,55.14,Beauty,2.92,3,Window Shopper
U01201,45.354923502689196,Female,45695.99,8.75,2,10.99,92.87,145.72,Home,11.88,5,Budget Conscious
U01202,31.839615092851655,Female,65559.12,23.23,4,12.11,67.55,105.29,Groceries,23.18,3,Budget Conscious
U01203,40.36328332315539,Male,64956.26,15.85,11,5.06,67.86,292.78,Beauty,69.8,12,Emotional Buyer
U01204,20.14807605768994,Female,68166.91,43.72,6,2.27,18.47,101.82,Fashion,35.4,2,Window Shopper
U01205,30.561507084405196,Non-binary,39063.99,19.45,8,2.54,6.68,120.08,Electronics,80.4,18,Impulsive Buyer
U01206,18.0,Female,61759.23,29.93,5,4.88,50.57,133.89,Electronics,85.0,12,Impulsive Buyer
U01207,30.019068775598225,Female,41067.28,16.22,1,5.93,77.57,118.12,Groceries,18.5,3,Budget Conscious
U01208,28.229365146503714,Female,29317.78,5.02,1,11.06,77.09,154.21,Groceries,11.38,4,Budget Conscious
U01209,52.25269551710531,Female,126452.29,20.63,7,9.32,0.0,370.5,Luxury,10.63,4,Luxury Shopper
U01210,30.70211622986993,Female,39600.76,15.46,2,8.37,88.49,182.18,Groceries,25.38,2,Budget Conscious
U01211,18.0,Male,35653.97,32.41,0,1.56,35.79,62.05,Fashion,18.63,3,Window Shopper
U01212,36.33476848631039,Female,70366.83,26.59,5,3.48,41.85,223.02,Beauty,72.22,11,Emotional Buyer
U01213,26.61674146954021,Male,35686.09,20.47,3,9.97,57.86,140.36,Home,8.28,2,Budget Conscious
U01214,50.70618747570732,Male,118641.11,14.5,4,9.42,18.22,528.96,Luxury,32.53,6,Luxury Shopper
U01215,27.742088987977343,Male,153757.34,20.88,6,6.87,14.19,508.96,Electronics,31.07,1,Luxury Shopper
U01216,27.035699877643186,Male,18023.67,20.15,3,12.15,94.72,81.25,Home,12.97,2,Budget Conscious
U01217,41.7946783411407,Female,111735.69,22.27,3,6.38,29.21,525.09,Luxury,0.0,2,Luxury Shopper
U01218,31.578265432819837,Female,72659.35,17.82,4,7.19,73.76,109.06,Groceries,19.81,4,Budget Conscious
U01219,22.973938899336673,Female,62789.33,43.73,1,0.79,26.69,31.1,Beauty,22.38,1,Window Shopper
U01220,35.23843435889304,Non-binary,54535.89,32.99,7,0.91,33.07,170.32,Fashion,60.61,10,Impulsive Buyer
U01221,41.604887556189865,Male,55784.53,35.38,10,3.45,15.88,178.72,Fashion,62.68,9,Impulsive Buyer
U01222,36.53339221465319,Female,131792.26,20.44,6,8.42,7.68,461.09,Luxury,33.25,4,Luxury Shopper
U01223,24.548554441658254,Female,69768.64,28.18,7,2.3,29.99,269.6,Beauty,67.39,10,Emotional Buyer
U01224,24.76383963343336,Male,53679.42,28.87,1,1.95,34.14,69.24,Beauty,30.44,5,Window Shopper
U01225,30.070744499216946,Male,76375.65,20.92,4,3.49,3.03,135.5,Electronics,59.52,11,Impulsive Buyer
U01226,29.996000964846687,Male,69739.33,26.35,10,3.62,48.83,291.34,Fashion,87.08,12,Emotional Buyer
U01227,35.166906714767926,Male,53226.58,19.43,1,5.97,79.52,80.9,Home,23.14,3,Budget Conscious
U01228,46.22745759334467,Male,64278.55,15.26,2,12.6,84.95,52.07,Groceries,21.44,4,Budget Conscious
U01229,32.985833390312905,Male,41350.64,21.1,10,7.66,16.27,256.13,Fashion,100.0,7,Emotional Buyer
U01230,18.893025837535223,Female,75083.7,32.09,9,5.48,19.41,238.54,Fashion,78.19,20,Impulsive Buyer
U01231,29.44364540208844,Female,110030.99,18.67,5,7.07,16.32,472.52,Luxury,0.0,3,Luxury Shopper
U01232,35.9746690002295,Non-binary,61015.52,25.24,1,9.28,86.15,145.3,Groceries,15.02,2,Budget Conscious
U01233,34.7794052195717,Male,60798.8,43.56,10,8.51,15.22,168.37,Fashion,53.18,12,Impulsive Buyer
U01234,29.33858842276865,Female,51779.68,33.68,0,4.47,39.04,58.38,Beauty,10.98,2,Window Shopper
U01235,25.577204807298223,Male,142618.3,9.88,5,8.51,14.01,548.78,Luxury,28.84,5,Luxury Shopper
U01236,22.229250617471905,Female,81362.13,33.44,9,2.29,0.0,181.54,Fashion,100.0,14,Budget Conscious
U01237,24.467530167515697,Male,46475.51,28.58,4,8.74,11.91,206.37,Fashion,67.57,16,Impulsive Buyer
U01238,28.54232389650434,Female,45723.28,21.5,3,12.11,64.31,81.62,Home,22.88,4,Budget Conscious
U01239,32.89914776295795,Male,38373.03,26.98,8,5.16,17.5,172.14,Fashion,81.5,5,Impulsive Buyer
U01240,31.7649549162107,Male,39951.34,25.67,7,5.26,26.69,242.32,Electronics,66.79,12,Impulsive Buyer
U01241,22.884586747762512,Female,60045.62,18.68,6,3.4,22.84,211.71,Beauty,71.48,15,Emotional Buyer
U01242,35.01780393119614,Female,133354.62,2.0,4,11.68,36.68,441.23,Luxury,20.66,7,Luxury Shopper
U01243,33.89353271417663,Male,126166.0,27.2,7,11.09,9.53,450.78,Luxury,33.8,4,Luxury Shopper
U01244,23.109876616209277,Female,53282.54,23.01,4,3.02,65.66,161.57,Electronics,71.2,12,Impulsive Buyer
U01245,44.49701842532488,Female,97714.69,21.59,8,7.97,15.43,550.89,Luxury,37.71,6,Luxury Shopper
U01246,51.701704288169694,Male,97785.38,18.46,4,11.48,5.8,437.83,Luxury,21.36,3,Luxury Shopper
U01247,23.533188222550002,Female,44753.75,26.96,4,7.79,81.31,156.53,Groceries,2.06,2,Budget Conscious
U01248,26.358811839323096,Female,30722.11,45.5,4,6.29,34.45,69.87,Fashion,66.44,11,Impulsive Buyer
U01249,34.64054429968313,Female,67307.07,35.09,8,3.54,37.0,193.78,Beauty,69.11,3,Emotional Buyer
U01250,21.228971865928283,Male,69338.18,30.75,11,4.83,17.21,133.45,Beauty,78.59,11,Emotional Buyer
U01251,27.01095905631983,Female,53098.66,33.89,2,4.79,38.49,184.9,Fashion,83.24,11,Impulsive Buyer
U01252,27.350271051838405,Female,45772.34,29.1,9,4.97,43.84,186.58,Electronics,76.9,11,Budget Conscious
U01253,18.0,Female,66716.96,14.92,8,0.94,16.0,85.59,Fashion,83.16,13,Impulsive Buyer
U01254,36.41326563881701,Female,46289.05,13.28,0,9.57,84.99,125.74,Groceries,14.25,3,Budget Conscious
U01255,26.509343609864068,Female,59804.68,33.12,8,3.98,35.78,137.17,Fashion,85.59,12,Impulsive Buyer
U01256,25.26133446077435,Female,56692.17,30.7,8,2.71,16.48,200.67,Beauty,99.67,11,Emotional Buyer
U01257,18.36936277475076,Female,55705.87,44.91,2,1.85,45.85,62.42,Fashion,37.78,3,Window Shopper
U01258,60.682172570485314,Female,58694.89,29.51,5,6.37,7.91,201.31,Fashion,89.95,8,Emotional Buyer
U01259,32.31205573712143,Male,49485.73,20.6,3,10.89,53.66,128.19,Groceries,11.09,5,Budget Conscious
U01260,47.71601824522502,Female,71136.72,18.58,9,6.48,27.54,153.59,Fashion,94.84,12,Emotional Buyer
U01261,32.28238989318993,Female,43043.7,32.22,13,6.77,40.9,177.17,Fashion,79.02,11,Impulsive Buyer
U01262,35.666011297936265,Male,33415.99,27.45,2,9.93,63.68,85.14,Groceries,17.95,4,Budget Conscious
U01263,47.21170013664214,Male,154367.91,23.38,2,7.42,16.57,363.34,Luxury,27.28,5,Luxury Shopper
U01264,32.28342334680643,Male,65887.64,29.17,5,3.59,48.58,367.54,Fashion,87.47,13,Emotional Buyer
U01265,38.66573068097375,Female,36302.19,10.1,3,5.91,86.76,131.56,Groceries,28.72,3,Budget Conscious
U01266,18.0,Female,67228.48,60.32,2,3.25,54.96,88.44,Fashion,45.83,2,Window Shopper
U01267,27.5978819543019,Female,58267.52,11.96,4,5.06,32.92,155.44,Fashion,92.39,15,Impulsive Buyer
U01268,39.810625414888875,Female,36136.22,24.94,9,5.35,50.23,242.88,Beauty,73.75,14,Emotional Buyer
U01269,41.62528326182067,Female,35241.79,18.49,2,16.32,82.76,156.32,Groceries,22.3,3,Budget Conscious
U01270,38.568065331591896,Male,54500.6,14.19,4,9.94,79.68,70.9,Groceries,16.64,4,Impulsive Buyer
U01271,40.34868133771283,Female,40669.96,15.95,5,4.7,33.79,138.8,Fashion,75.99,11,Emotional Buyer
U01272,46.844009941914514,Male,104119.05,27.54,5,13.56,7.12,497.88,Luxury,29.64,2,Luxury Shopper
U01273,39.96464317615467,Female,132200.26,27.67,4,7.41,0.0,548.82,Electronics,32.9,2,Luxury Shopper
U01274,37.84376746120743,Female,36069.38,16.02,4,5.26,78.2,89.8,Home,19.8,4,Budget Conscious
U01275,20.814620226961623,Male,69562.24,28.91,10,7.68,76.03,125.42,Electronics,72.95,9,Impulsive Buyer
U01276,46.587101430330236,Male,96584.27,26.36,8,13.26,9.4,547.65,Luxury,37.66,5,Luxury Shopper
U01277,33.185512034880496,Female,41095.27,34.44,3,7.86,38.27,272.35,Fashion,95.95,13,Impulsive Buyer
U01278,18.0,Male,43775.41,27.17,10,4.33,11.94,153.44,Electronics,79.3,15,Impulsive Buyer
U01279,30.74829674836242,Female,76144.17,24.75,10,3.39,60.47,361.29,Fashion,87.12,8,Emotional Buyer
U01280,29.607605965090233,Female,31328.03,22.94,3,10.87,82.16,117.37,Groceries,14.14,1,Budget Conscious
U01281,37.93947527662883,Male,130387.23,12.09,3,12.58,10.59,536.85,Luxury,10.19,7,Luxury Shopper
U01282,30.769840254848084,Female,47667.58,25.65,6,11.19,60.68,97.14,Home,32.38,3,Budget Conscious
U01283,42.87373620980249,Female,40421.84,20.82,3,12.64,76.54,105.36,Groceries,21.37,2,Budget Conscious
U01284,36.61675102644013,Male,47501.85,33.26,3,4.73,32.18,83.51,Fashion,21.79,1,Window Shopper
U01285,33.830137403592815,Female,35267.57,30.92,10,3.63,72.43,168.43,Fashion,86.12,10,Emotional Buyer
U01286,28.709379015466308,Female,56081.47,21.54,4,3.89,66.36,267.16,Fashion,82.98,8,Emotional Buyer
U01287,35.52069657752966,Female,109184.03,11.83,2,4.64,47.83,260.42,Electronics,0.0,6,Luxury Shopper
U01288,57.399996088431095,Non-binary,96307.72,3.9,3,13.05,29.67,385.99,Luxury,19.05,6,Luxury Shopper
U01289,31.034279247948973,Male,51520.61,19.26,3,11.62,74.89,131.89,Groceries,24.27,1,Budget Conscious
U01290,20.731133033827316,Female,56168.09,14.69,0,8.42,74.76,169.19,Groceries,0.0,1,Budget Conscious
U01291,45.882732048511045,Female,44812.82,17.06,7,5.38,60.91,88.27,Groceries,0.92,2,Budget Conscious
U01292,33.51934021011231,Male,69486.12,47.94,1,3.09,31.43,77.38,Fashion,23.95,2,Window Shopper
U01293,26.115646703086888,Female,40361.02,13.11,9,11.09,83.72,89.7,Home,15.77,2,Budget Conscious
U01294,25.664400525957017,Male,109578.56,19.7,6,7.12,11.53,380.74,Luxury,25.9,3,Luxury Shopper
U01295,20.8430007431362,Male,114105.34,27.94,6,8.01,2.69,505.15,Luxury,17.17,1,Luxury Shopper
U01296,43.52065756385829,Female,123635.64,28.6,6,10.14,24.27,607.33,Luxury,13.58,4,Luxury Shopper
U01297,27.78501928723147,Female,21254.45,37.78,15,7.11,47.74,227.35,Fashion,63.23,6,Impulsive Buyer
U01298,24.689721536711573,Female,41509.96,10.57,7,4.3,22.51,200.81,Electronics,79.89,7,Impulsive Buyer
U01299,26.697700378200427,Female,63628.25,47.41,1,3.56,33.44,102.25,Fashion,22.32,1,Window Shopper
U01300,38.82728757972221,Female,120662.92,19.21,7,7.35,2.2,386.37,Luxury,32.11,7,Luxury Shopper
U01301,31.47434408312111,Male,103991.79,14.68,5,10.7,8.52,658.13,Luxury,12.58,5,Luxury Shopper
U01302,39.60411071644593,Female,56940.73,23.95,1,4.34,80.99,106.24,Home,18.26,3,Budget Conscious
U01303,20.798216076061248,Male,70058.78,33.13,0,3.3,24.8,37.1,Fashion,27.66,1,Window Shopper
U01304,31.553661405255887,Male,120778.53,10.43,5,6.47,23.37,437.44,Electronics,27.0,0,Luxury Shopper
U01305,41.57961613268028,Female,67810.41,12.02,8,5.87,46.5,202.56,Beauty,73.54,16,Emotional Buyer
U01306,41.704591304617075,Female,40662.2,22.76,5,5.36,40.18,176.18,Beauty,68.69,7,Emotional Buyer
U01307,37.68597195067436,Female,60084.39,23.95,3,11.96,79.42,111.05,Groceries,21.66,2,Budget Conscious
U01308,27.65904514808565,Male,75463.19,34.74,4,4.35,0.0,87.77,Fashion,13.12,1,Window Shopper
U01309,29.489641794373338,Female,49374.53,21.28,11,5.38,53.45,249.0,Electronics,89.17,12,Impulsive Buyer
U01310,42.09423949265084,Male,43056.09,25.03,9,2.04,32.08,193.81,Beauty,72.83,13,Emotional Buyer
U01311,35.28101188212513,Male,97349.92,12.94,7,10.07,5.64,357.48,Luxury,28.05,8,Luxury Shopper
U01312,34.96983851705247,Male,39492.26,31.75,8,4.56,48.88,302.53,Fashion,73.39,10,Emotional Buyer
U01313,33.747073374742776,Non-binary,40108.9,20.23,2,8.31,96.41,150.26,Groceries,13.81,3,Budget Conscious
U01314,33.227231755474655,Male,53717.42,48.47,14,4.42,23.79,145.08,Fashion,71.67,19,Impulsive Buyer
U01315,34.95824956727697,Male,44752.13,43.06,5,4.42,25.29,43.01,Fashion,69.66,8,Window Shopper
U01316,24.26580159319407,Male,68654.68,48.35,3,2.33,10.78,44.57,Fashion,27.68,3,Window Shopper
U01317,19.375352450427595,Male,41512.32,24.63,1,11.02,58.59,96.95,Groceries,17.18,4,Budget Conscious
U01318,24.955257591451655,Male,45354.02,35.14,5,0.26,37.22,101.31,Fashion,94.6,11,Impulsive Buyer
U01319,22.643898476565596,Non-binary,48339.63,63.01,4,4.8,26.57,80.84,Fashion,27.49,1,Window Shopper
U01320,49.96536768371358,Male,80666.94,43.03,5,3.61,31.61,275.23,Beauty,80.91,9,Emotional Buyer
U01321,38.36563920446687,Male,50006.12,25.91,4,7.8,81.82,155.87,Groceries,3.34,3,Budget Conscious
U01322,44.94364421278634,Male,39395.99,16.43,5,8.65,72.26,102.41,Groceries,12.26,3,Budget Conscious
U01323,32.77159739351899,Male,35943.46,25.86,7,4.07,52.72,175.85,Electronics,76.24,13,Impulsive Buyer
U01324,18.864065528281834,Female,74150.54,53.35,1,0.92,11.96,15.0,Beauty,24.21,2,Window Shopper
U01325,48.75101310632925,Male,131330.39,18.95,8,10.96,15.57,593.15,Luxury,29.2,5,Luxury Shopper
U01326,28.003954213715712,Male,79632.09,27.63,7,6.13,40.35,262.15,Fashion,80.36,6,Emotional Buyer
U01327,51.03147888293519,Non-binary,135499.35,13.88,8,10.66,12.2,594.32,Luxury,32.13,5,Luxury Shopper
U01328,42.12964159691898,Female,29670.83,27.46,4,8.34,84.47,145.56,Groceries,15.55,1,Budget Conscious
U01329,50.31994242013724,Male,113634.99,27.03,3,7.59,5.17,511.95,Luxury,32.71,1,Luxury Shopper
U01330,28.754648476753093,Male,54399.04,29.44,9,3.31,40.77,219.93,Electronics,29.94,10,Impulsive Buyer
U01331,22.90385209667745,Non-binary,72420.49,40.93,0,0.96,28.28,108.66,Beauty,44.5,0,Window Shopper
U01332,20.769605246063293,Male,59771.66,12.87,3,12.03,89.83,120.6,Groceries,14.05,3,Budget Conscious
U01333,50.864165506410494,Male,47836.7,11.6,5,8.1,91.45,96.4,Home,9.9,0,Budget Conscious
U01334,50.33405043636699,Male,52631.9,20.27,6,3.73,39.95,81.12,Beauty,82.58,12,Emotional Buyer
U01335,24.53285634012026,Female,65760.41,23.46,9,2.2,36.04,216.65,Fashion,98.63,3,Emotional Buyer
U01336,24.41551315182002,Non-binary,66916.8,27.58,3,3.81,0.82,145.78,Fashion,81.63,6,Emotional Buyer
U01337,18.0,Female,57175.18,27.96,6,8.72,62.77,87.84,Fashion,88.42,12,Impulsive Buyer
U01338,21.637890741626638,Male,28254.75,17.23,4,11.28,78.26,88.01,Groceries,21.29,4,Budget Conscious
U01339,48.9315375869536,Male,60939.81,24.83,10,5.36,31.84,251.92,Beauty,77.31,11,Emotional Buyer
U01340,26.362916547936347,Female,132390.51,10.1,3,9.55,26.21,380.24,Luxury,27.11,3,Luxury Shopper
U01341,43.33562420990148,Female,66056.45,36.43,6,6.87,42.91,182.19,Fashion,68.13,13,Impulsive Buyer
U01342,37.03507918013056,Female,39337.59,32.4,5,5.75,61.26,155.13,Beauty,81.91,7,Emotional Buyer
U01343,18.0,Male,51228.34,25.87,2,6.95,48.31,128.94,Groceries,2.21,1,Budget Conscious
U01344,40.41547177364332,Male,57920.25,11.09,9,8.99,69.13,143.17,Groceries,18.93,2,Budget Conscious
U01345,36.535173498958436,Female,75686.38,36.1,2,5.75,60.86,208.98,Fashion,68.62,12,Emotional Buyer
U01346,41.20851317730316,Male,35002.69,26.8,3,9.02,87.39,41.64,Home,25.04,4,Budget Conscious
U01347,36.38601055651074,Female,42615.9,25.7,5,9.87,76.2,126.8,Groceries,18.8,2,Budget Conscious
U01348,32.16402733947188,Male,156872.02,15.69,1,5.4,13.73,515.26,Electronics,27.38,5,Luxury Shopper
U01349,28.087417256176728,Female,46241.05,34.37,4,7.29,46.83,79.77,Groceries,22.44,4,Budget Conscious
U01350,20.383864986733947,Female,49393.31,26.56,9,6.84,33.01,136.82,Electronics,52.84,17,Impulsive Buyer
U01351,43.29295005934577,Female,70165.93,39.99,1,5.81,20.78,38.36,Fashion,51.68,0,Budget Conscious
U01352,25.85417389752301,Male,37954.44,33.28,4,6.5,61.82,169.73,Fashion,82.11,6,Emotional Buyer
U01353,31.7140191428413,Female,112384.39,4.81,3,7.05,9.08,373.19,Electronics,24.98,3,Luxury Shopper
U01354,51.96560113714152,Male,98854.79,19.92,2,8.19,0.0,368.5,Electronics,26.0,2,Luxury Shopper
U01355,24.675856527913997,Male,50745.36,26.47,6,6.31,29.54,267.06,Beauty,97.75,10,Emotional Buyer
U01356,31.339104674261403,Female,35861.38,38.65,6,4.69,29.93,188.43,Electronics,64.58,8,Impulsive Buyer
U01357,44.901675485351326,Female,56572.81,19.73,2,11.41,80.27,111.01,Groceries,4.77,1,Budget Conscious
U01358,35.90768534036843,Female,50306.78,16.07,8,8.53,87.62,48.28,Home,12.94,2,Budget Conscious
U01359,26.15780185653215,Male,55359.4,50.4,1,2.6,23.86,45.83,Beauty,25.77,0,Window Shopper
U01360,32.89557080974346,Female,43967.9,46.45,2,2.6,37.64,207.44,Fashion,80.89,15,Impulsive Buyer
U01361,33.68531365459766,Non-binary,96767.76,40.05,3,1.69,45.47,89.83,Fashion,33.45,4,Window Shopper
U01362,44.749368884947735,Female,124025.43,16.94,5,10.33,17.02,458.6,Luxury,32.57,5,Luxury Shopper
U01363,20.315845842178668,Female,31280.15,26.73,5,9.98,77.16,82.38,Groceries,28.19,5,Budget Conscious
U01364,33.08304614799344,Female,50390.36,29.18,11,5.13,60.4,240.4,Fashion,64.01,6,Impulsive Buyer
U01365,47.303436119902265,Female,44405.72,27.38,4,8.63,79.79,145.45,Home,15.04,2,Budget Conscious
U01366,37.319264521467346,Male,67344.33,16.33,2,11.18,66.16,170.94,Groceries,14.81,2,Budget Conscious
U01367,41.372454500821,Male,98373.65,10.16,5,8.93,8.95,376.24,Luxury,15.03,3,Luxury Shopper
U01368,22.002058322504723,Female,55440.52,18.49,5,7.92,34.59,238.94,Fashion,55.14,11,Impulsive Buyer
U01369,30.821498144404018,Male,55988.75,18.88,10,2.94,38.09,234.24,Electronics,70.75,16,Impulsive Buyer
U01370,42.10042688805166,Male,122727.96,13.22,6,8.86,24.08,561.27,Luxury,27.99,7,Luxury Shopper
U01371,20.614809832154485,Non-binary,76287.51,35.23,9,1.26,61.71,261.19,Fashion,81.86,12,Impulsive Buyer
U01372,24.58826068677702,Non-binary,52831.09,34.74,5,1.24,21.91,106.56,Beauty,73.96,13,Emotional Buyer
U01373,43.70398307791466,Male,34991.74,7.2,1,8.76,86.08,58.25,Home,13.8,2,Budget Conscious
U01374,24.680517468103535,Male,50443.55,51.52,1,1.1,10.17,84.68,Beauty,29.56,2,Window Shopper
U01375,30.527602955815393,Male,71067.66,18.97,9,4.0,67.6,283.77,Fashion,72.48,4,Emotional Buyer
U01376,26.71121361549222,Male,61077.26,19.2,7,7.21,27.96,176.72,Electronics,100.0,17,Impulsive Buyer
U01377,26.372449326944334,Male,58922.81,36.36,1,2.93,44.44,116.66,Beauty,41.23,6,Window Shopper
U01378,29.814713307411704,Female,68781.09,23.4,4,3.41,30.26,248.97,Beauty,95.09,6,Emotional Buyer
U01379,22.47355516483045,Male,82383.84,47.52,3,1.09,20.72,106.45,Fashion,24.06,4,Window Shopper
U01380,38.90039858958058,Non-binary,39817.45,5.14,1,6.34,74.86,108.5,Home,17.12,4,Budget Conscious
U01381,56.998596456005366,Female,44387.93,20.78,4,8.86,69.33,122.48,Groceries,17.37,5,Budget Conscious
U01382,25.833472157015287,Male,38751.58,38.73,8,6.92,43.78,349.28,Fashion,82.0,10,Impulsive Buyer
U01383,28.47225707032353,Non-binary,43465.08,33.43,2,8.06,89.46,107.92,Groceries,36.24,3,Budget Conscious
U01384,18.0,Female,37988.69,27.17,2,2.05,45.77,250.76,Beauty,94.76,4,Emotional Buyer
U01385,45.371295095008925,Male,45592.67,8.74,5,2.47,69.87,190.68,Fashion,80.47,7,Emotional Buyer
U01386,25.13673454081404,Male,58971.72,23.36,8,6.08,34.51,140.63,Fashion,75.37,15,Impulsive Buyer
U01387,37.6748117809982,Non-binary,60093.01,31.93,3,4.44,30.97,65.56,Fashion,56.1,2,Window Shopper
U01388,42.191484741049464,Female,109575.96,16.66,9,8.99,3.61,415.74,Luxury,19.26,7,Luxury Shopper
U01389,25.81860877246328,Female,37838.57,34.02,8,5.47,51.41,236.8,Fashion,86.63,7,Emotional Buyer
U01390,32.83159978700705,Male,62153.87,39.2,9,7.77,32.58,154.09,Fashion,74.19,17,Impulsive Buyer
U01391,46.009867050401745,Female,63869.33,27.16,7,6.36,25.22,221.09,Beauty,73.62,3,Emotional Buyer
U01392,26.450257654842872,Female,71577.74,9.46,8,2.4,62.25,197.81,Fashion,93.08,6,Emotional Buyer
U01393,36.71929767580607,Female,47325.89,33.06,5,6.71,20.01,264.61,Electronics,63.98,11,Impulsive Buyer
U01394,27.63573045114456,Female,68473.45,21.56,8,4.34,37.58,249.87,Fashion,65.45,7,Impulsive Buyer
U01395,32.148066436073655,Male,58927.6,37.39,8,5.01,42.6,214.16,Fashion,82.95,14,Emotional Buyer
U01396,32.5710633496681,Male,47562.46,23.28,7,2.06,33.28,211.23,Electronics,71.27,10,Impulsive Buyer
U01397,35.26088213171609,Male,61613.39,12.01,2,13.32,70.82,121.64,Home,18.5,2,Budget Conscious
U01398,36.47047527580745,Male,65631.0,23.07,7,7.4,37.83,338.99,Beauty,100.0,10,Emotional Buyer
U01399,42.27040994662717,Female,31480.66,11.24,6,10.47,97.29,41.75,Home,3.2,2,Budget Conscious
U01400,33.15991561314676,Female,105963.2,13.64,3,7.09,7.85,453.28,Luxury,27.16,3,Luxury Shopper
U01401,29.058206228639122,Female,26837.39,19.97,4,6.13,97.56,80.18,Home,12.3,3,Budget Conscious
U01402,29.674193936327708,Female,35559.89,21.78,11,5.9,68.21,236.69,Fashion,77.48,16,Impulsive Buyer
U01403,38.241818270781835,Female,87364.4,32.29,7,6.45,71.07,154.05,Beauty,66.3,8,Emotional Buyer
U01404,48.061138597225465,Female,118917.2,15.84,3,12.77,10.24,366.08,Luxury,28.42,3,Luxury Shopper
U01405,25.370556419175028,Female,59394.91,48.32,6,5.11,50.66,79.19,Electronics,89.34,5,Window Shopper
U01406,41.19412984024516,Female,139653.6,28.81,5,6.78,33.77,604.5,Luxury,22.82,4,Luxury Shopper
U01407,32.277677468435,Male,67931.12,27.59,12,0.2,0.0,259.61,Fashion,80.22,9,Emotional Buyer
U01408,26.463888317864903,Male,57912.0,28.69,15,4.76,25.8,311.27,Electronics,87.56,14,Impulsive Buyer
U01409,36.594241229618376,Non-binary,76956.93,16.14,5,8.4,57.9,226.99,Fashion,90.02,8,Emotional Buyer
U01410,30.106596319815086,Male,67696.98,50.71,2,3.32,41.44,117.39,Beauty,5.92,4,Window Shopper
U01411,35.413257168852454,Male,33117.92,24.52,4,5.44,28.71,178.6,Beauty,83.46,6,Emotional Buyer
U01412,30.98189496971844,Female,65545.94,22.54,15,0.58,40.22,137.57,Beauty,72.61,18,Emotional Buyer
U01413,22.923764559549827,Male,70175.78,21.76,5,2.9,41.64,140.88,Beauty,72.49,16,Emotional Buyer
U01414,26.598821468416446,Female,34174.33,32.71,6,5.35,34.55,223.18,Fashion,91.22,7,Impulsive Buyer
U01415,26.785118360189667,Female,50398.44,33.65,2,4.54,42.86,202.55,Electronics,57.16,18,Impulsive Buyer
U01416,22.594335568297684,Female,53445.17,43.25,1,3.12,34.08,71.59,Beauty,43.56,3,Window Shopper
U01417,43.99950560720023,Female,38202.32,30.56,3,7.44,78.32,124.2,Groceries,26.46,6,Budget Conscious
U01418,18.0,Female,52595.07,28.62,5,6.96,81.31,144.02,Home,11.35,4,Budget Conscious
U01419,26.406902310254846,Male,49886.21,29.09,5,4.9,41.87,189.96,Beauty,90.56,11,Emotional Buyer
U01420,33.5644719532307,Male,53036.97,41.76,4,3.06,46.48,267.11,Fashion,80.4,5,Emotional Buyer
U01421,26.954389516987796,Male,65013.98,60.98,3,3.47,11.15,73.86,Fashion,38.68,1,Window Shopper
U01422,35.06085695529817,Male,32777.03,22.75,1,11.51,97.95,61.46,Groceries,39.3,2,Budget Conscious
U01423,31.795484544931412,Male,40957.6,27.35,2,11.35,74.27,173.75,Groceries,12.72,2,Budget Conscious
U01424,31.13444933887889,Female,141220.9,18.66,0,9.37,23.11,428.42,Luxury,14.38,3,Luxury Shopper
U01425,46.16437468086832,Male,136688.28,21.27,4,7.27,14.25,569.92,Luxury,26.07,3,Luxury Shopper
U01426,35.45701271196006,Male,133761.78,14.09,6,8.48,24.59,557.66,Luxury,28.81,3,Luxury Shopper
U01427,22.59447297103577,Female,63053.69,27.86,5,1.76,37.55,265.99,Fashion,57.2,20,Impulsive Buyer
U01428,31.706231882126612,Female,41194.33,20.37,15,2.91,53.24,66.02,Electronics,71.41,19,Impulsive Buyer
U01429,37.89723746865942,Non-binary,65541.53,48.21,3,3.22,26.16,48.07,Beauty,13.99,2,Window Shopper
U01430,34.19738815867234,Male,42910.67,27.51,2,8.54,98.4,128.66,Groceries,17.5,4,Budget Conscious
U01431,43.59398165631982,Male,38135.41,23.73,10,4.13,34.96,150.32,Beauty,92.63,6,Emotional Buyer
U01432,26.704326016747768,Male,34052.47,13.79,7,9.44,100.0,95.41,Groceries,21.27,6,Budget Conscious
U01433,29.309972760774098,Female,61366.46,36.23,9,7.16,28.35,232.95,Fashion,62.44,12,Impulsive Buyer
U01434,18.0,Male,47728.39,39.58,2,9.34,33.62,112.31,Fashion,77.39,16,Impulsive Buyer
U01435,19.4445388559001,Female,64367.9,26.5,5,4.24,30.03,219.9,Electronics,74.14,15,Impulsive Buyer
U01436,35.41986441145359,Female,51398.46,16.83,5,4.07,50.83,276.79,Beauty,97.33,13,Emotional Buyer
U01437,45.449757087569026,Male,124276.69,10.44,9,6.54,16.67,443.22,Luxury,37.23,2,Luxury Shopper
U01438,47.53347044753718,Female,30821.77,25.77,4,9.04,71.83,160.23,Groceries,32.05,4,Budget Conscious
U01439,25.796616396906554,Male,58187.93,33.01,3,2.93,35.47,175.74,Beauty,85.46,11,Emotional Buyer
U01440,45.03002629877282,Female,64211.61,18.59,8,4.21,36.93,202.93,Fashion,90.05,11,Emotional Buyer
U01441,42.32663355957534,Male,76795.88,18.89,5,10.3,20.48,417.38,Luxury,44.64,4,Luxury Shopper
U01442,32.528682105120474,Male,59109.47,22.3,10,4.84,39.8,209.24,Electronics,61.93,14,Impulsive Buyer
U01443,22.241068994898523,Male,34688.07,37.03,14,2.74,15.52,215.87,Fashion,77.72,9,Impulsive Buyer
U01444,29.170504136221755,Male,40836.56,38.04,9,5.76,36.65,137.29,Electronics,82.37,11,Impulsive Buyer
U01445,33.65484624014504,Non-binary,27319.68,41.78,3,8.11,41.65,179.31,Fashion,84.45,14,Impulsive Buyer
U01446,30.845159184262428,Male,38307.19,12.09,3,11.84,92.62,92.29,Groceries,0.0,1,Budget Conscious
U01447,33.160375180489176,Male,56256.24,26.76,2,6.53,52.7,167.4,Beauty,100.0,10,Emotional Buyer
U01448,37.37086027900865,Male,52087.47,16.26,1,9.53,94.13,125.71,Groceries,15.39,2,Budget Conscious
U01449,35.573760989095994,Female,38654.96,32.61,3,10.15,82.86,113.6,Home,21.2,0,Budget Conscious
U01450,19.4358465166678,Female,66116.65,32.91,9,1.71,55.71,224.66,Electronics,54.25,14,Impulsive Buyer
U01451,19.709857157963064,Female,61060.46,43.23,2,3.86,8.27,112.95,Fashion,55.75,3,Window Shopper
U01452,39.08983550759782,Female,43206.35,20.49,5,7.99,78.02,60.06,Home,28.33,3,Budget Conscious
U01453,41.054269555036726,Female,49155.3,29.6,11,2.67,29.02,236.38,Beauty,90.03,12,Emotional Buyer
U01454,23.182554121392734,Female,77040.0,24.88,7,2.64,56.46,268.09,Beauty,77.39,8,Emotional Buyer
U01455,48.921019134994964,Male,120962.29,36.56,6,12.28,9.85,391.53,Luxury,32.62,5,Luxury Shopper
U01456,23.49801913221148,Female,36142.98,38.3,8,6.03,34.17,241.03,Electronics,73.7,4,Impulsive Buyer
U01457,44.845213524502405,Male,73625.15,15.88,6,10.91,12.66,477.88,Luxury,29.75,10,Luxury Shopper
U01458,49.369477877573225,Female,43639.62,31.12,4,7.22,70.02,128.92,Home,4.07,2,Budget Conscious
U01459,28.97576976772372,Male,36392.19,23.27,9,3.26,34.96,183.63,Beauty,88.44,8,Emotional Buyer
U01460,34.03606749934028,Female,80756.55,22.08,5,9.65,0.0,421.79,Luxury,40.07,4,Luxury Shopper
U01461,29.825783505839,Male,98527.21,47.79,0,2.51,32.66,135.03,Beauty,14.13,5,Window Shopper
U01462,35.63232257699208,Female,50750.49,24.45,4,11.42,72.06,129.27,Home,4.18,4,Budget Conscious
U01463,37.64956660012532,Male,57138.82,29.37,11,6.33,27.9,280.83,Electronics,77.13,11,Impulsive Buyer
U01464,44.85726021238365,Female,109372.72,13.83,5,7.31,14.37,444.6,Electronics,24.43,2,Luxury Shopper
U01465,28.68715258395709,Non-binary,52940.0,52.15,4,2.96,1.59,81.18,Fashion,15.39,4,Window Shopper
U01466,24.054546576231218,Female,80629.74,32.82,1,2.46,44.82,113.09,Fashion,15.83,2,Window Shopper
U01467,41.95407514542835,Male,54118.93,11.22,8,13.34,75.48,171.41,Home,22.61,4,Budget Conscious
U01468,41.926563419604655,Female,129539.06,2.0,8,15.57,14.08,479.91,Luxury,21.53,3,Luxury Shopper
U01469,31.893530658907032,Male,67023.7,56.72,0,3.79,24.28,107.55,Fashion,23.83,2,Window Shopper
U01470,28.562804258180563,Male,63689.76,24.39,14,6.06,37.03,210.95,Electronics,98.06,11,Impulsive Buyer
U01471,38.97123508218805,Female,59309.64,17.11,3,3.14,39.69,252.4,Fashion,82.56,13,Emotional Buyer
U01472,24.920010724288765,Female,48382.18,22.76,6,8.4,22.37,142.28,Electronics,75.18,11,Impulsive Buyer
U01473,22.76156512170854,Female,43627.7,21.38,9,7.45,55.18,191.35,Electronics,71.01,14,Impulsive Buyer
U01474,35.078472046372916,Female,42698.1,4.04,6,12.87,100.0,105.11,Home,29.65,5,Budget Conscious
U01475,33.369356578604425,Non-binary,49152.24,27.92,0,13.09,68.95,91.96,Groceries,21.65,3,Budget Conscious
U01476,30.98339191848446,Female,40323.63,19.91,6,9.69,74.75,128.89,Groceries,24.23,1,Budget Conscious
U01477,40.618954496011426,Female,49478.48,20.03,4,6.56,77.32,205.72,Home,1.23,1,Budget Conscious
U01478,22.851475477899893,Non-binary,62705.71,35.91,7,2.47,42.39,249.28,Beauty,75.29,6,Emotional Buyer
U01479,46.02519854704694,Female,46940.64,24.64,7,8.12,68.13,138.83,Groceries,11.8,3,Budget Conscious
U01480,38.145951526166165,Female,62400.45,21.17,4,12.79,85.3,152.93,Home,20.94,1,Budget Conscious
U01481,27.631038319737073,Male,41319.92,26.76,1,4.47,85.74,146.79,Groceries,9.68,2,Budget Conscious
U01482,25.880173294142843,Male,49122.0,19.25,9,4.67,42.52,335.33,Fashion,83.27,11,Impulsive Buyer
U01483,32.244816867449636,Male,37587.46,17.19,4,12.58,93.31,96.99,Groceries,0.34,3,Budget Conscious
U01484,45.78477802158359,Male,114094.57,15.25,2,5.13,0.14,316.22,Luxury,19.39,4,Window Shopper
U01485,30.042145503304862,Non-binary,67820.13,50.55,1,5.19,46.55,91.71,Beauty,29.74,3,Window Shopper
U01486,22.08397576519848,Female,73801.05,34.13,9,4.89,57.54,300.6,Fashion,76.52,9,Impulsive Buyer
U01487,32.80536521450276,Non-binary,60201.84,25.09,9,1.78,39.53,151.34,Beauty,70.8,2,Emotional Buyer
U01488,19.287726542377236,Male,30543.57,26.94,3,8.42,83.63,189.92,Groceries,19.32,4,Budget Conscious
U01489,36.62157984770258,Male,46060.95,34.13,5,4.1,58.72,231.98,Fashion,93.74,13,Emotional Buyer
U01490,34.06941394598018,Female,28951.93,20.24,7,14.37,72.37,128.36,Home,27.58,3,Budget Conscious
U01491,33.74961455743319,Female,82384.61,25.49,5,4.49,51.11,21.05,Electronics,70.84,6,Impulsive Buyer
U01492,22.961093647193195,Male,37407.98,28.69,6,5.49,48.99,180.08,Beauty,75.81,6,Emotional Buyer
U01493,20.40694621406421,Male,83186.19,32.99,0,3.3,56.24,76.19,Fashion,48.58,2,Window Shopper
U01494,36.075022868378475,Male,40005.59,48.48,0,2.9,26.11,74.51,Beauty,52.07,2,Window Shopper
U01495,34.72724660638224,Male,42615.72,22.69,2,9.97,66.59,113.9,Groceries,4.96,3,Budget Conscious
U01496,31.942691305615455,Male,72775.15,57.39,2,3.93,25.02,88.92,Beauty,24.05,2,Window Shopper
U01497,20.33412256311855,Female,76099.45,36.15,7,3.36,46.65,83.4,Beauty,87.08,3,Emotional Buyer
U01498,29.53571471748914,Female,57788.86,57.44,0,3.95,61.21,84.64,Fashion,0.0,3,Window Shopper
U01499,50.120962054177156,Female,155613.91,31.81,2,10.26,13.15,470.45,Luxury,17.61,3,Luxury Shopper
U01500,26.93100081054688,Female,62390.71,41.77,1,2.44,12.24,82.41,Beauty,31.4,2,Window Shopper
U01501,34.73294131736238,Female,52696.13,46.68,2,2.0,1.18,55.8,Beauty,24.55,2,Window Shopper
U01502,38.87627588522518,Male,38859.57,26.5,5,2.12,57.05,181.9,Beauty,79.68,7,Emotional Buyer
U01503,37.085148000214154,Male,128756.02,23.51,3,8.59,13.15,508.78,Luxury,25.08,6,Luxury Shopper
U01504,50.01802496318022,Male,50788.66,28.67,5,11.37,77.5,180.41,Groceries,16.8,4,Budget Conscious
U01505,53.706719434152205,Female,35805.33,25.01,4,3.65,46.66,93.38,Fashion,89.28,2,Emotional Buyer
U01506,45.733282587320275,Male,50912.03,13.17,6,14.99,78.95,72.43,Groceries,13.76,3,Budget Conscious
U01507,41.56286663205111,Male,37892.96,28.6,2,0.96,52.22,99.69,Beauty,38.11,3,Window Shopper
U01508,24.519833267564014,Male,53617.23,11.88,5,8.53,87.6,94.75,Groceries,18.55,1,Budget Conscious
U01509,44.27756367801749,Male,118659.05,25.88,3,9.13,0.0,483.03,Luxury,36.2,5,Luxury Shopper
U01510,33.40215709523983,Male,36835.61,46.88,1,4.9,39.42,85.88,Fashion,26.03,1,Window Shopper
U01511,21.43298491564365,Male,68392.67,27.21,5,3.11,20.11,202.93,Fashion,96.43,14,Impulsive Buyer
U01512,35.315880052759105,Male,59850.73,14.87,7,5.89,35.61,231.01,Electronics,78.49,10,Impulsive Buyer
U01513,36.822286875831836,Male,43511.23,31.5,3,8.51,82.3,143.35,Groceries,17.25,3,Budget Conscious
U01514,37.298928628031156,Female,67366.48,52.05,1,1.49,0.0,88.75,Fashion,14.07,3,Window Shopper
U01515,34.28671976646609,Female,62494.85,21.51,7,3.18,31.37,162.43,Fashion,70.68,4,Emotional Buyer
U01516,24.437018145687563,Female,140248.24,14.87,3,10.2,20.72,551.29,Luxury,11.44,0,Luxury Shopper
U01517,23.571878545580233,Male,39347.25,35.55,10,5.36,36.51,172.67,Fashion,81.73,15,Impulsive Buyer
U01518,35.48469761061159,Male,57170.5,22.06,9,5.52,55.55,221.9,Beauty,88.93,8,Emotional Buyer
U01519,20.382885297511244,Male,62477.87,18.67,4,4.02,31.7,136.14,Electronics,98.96,14,Impulsive Buyer
U01520,30.62509893956301,Female,52873.94,40.26,4,3.31,45.44,193.8,Fashion,67.9,9,Impulsive Buyer
U01521,41.9736107762673,Female,144693.43,4.93,4,7.49,12.08,447.99,Luxury,19.32,3,Luxury Shopper
U01522,36.34375714369903,Male,49265.51,16.19,5,8.91,98.34,150.98,Groceries,16.15,4,Budget Conscious
U01523,28.633128868780002,Female,71893.42,31.87,2,2.21,19.45,253.2,Beauty,89.01,11,Emotional Buyer
U01524,28.129526303933527,Male,55479.48,52.31,3,3.79,9.68,77.65,Beauty,19.81,1,Window Shopper
U01525,40.48905196527828,Female,62998.96,45.33,4,2.38,40.2,15.0,Beauty,49.48,2,Emotional Buyer
U01526,18.0,Male,57017.9,19.29,10,5.62,38.75,215.6,Electronics,88.71,12,Impulsive Buyer
U01527,40.85641660647898,Male,133303.15,12.25,5,9.56,27.91,434.33,Electronics,29.67,3,Luxury Shopper
U01528,32.78611705092604,Male,40383.41,21.86,2,6.76,77.85,106.79,Groceries,24.24,4,Budget Conscious
U01529,31.16927179163993,Female,54260.24,32.3,5,4.66,24.51,116.19,Electronics,80.7,15,Impulsive Buyer
U01530,53.450768431350895,Male,108052.66,18.51,9,9.54,17.99,392.12,Electronics,40.37,5,Luxury Shopper
U01531,41.56726776638869,Male,111314.94,16.75,8,15.05,15.08,385.33,Luxury,16.1,2,Luxury Shopper
U01532,24.176907920964545,Male,42457.86,12.48,11,3.84,64.47,258.2,Fashion,88.9,13,Window Shopper
U01533,30.101514265961917,Male,36932.99,24.56,2,7.38,71.48,132.19,Home,33.98,2,Budget Conscious
U01534,18.0,Female,68655.09,44.73,1,2.5,11.06,99.55,Beauty,23.72,1,Window Shopper
U01535,33.91697968023432,Male,55484.67,31.89,8,5.65,30.9,160.24,Electronics,65.51,4,Impulsive Buyer
U01536,28.736757101598737,Female,30003.46,21.4,6,7.35,67.7,90.44,Groceries,20.83,1,Budget Conscious
U01537,20.480638437710148,Female,71413.09,40.01,3,4.5,17.02,57.07,Fashion,42.4,1,Window Shopper
U01538,28.672849370727445,Male,56013.1,43.78,0,3.43,59.34,65.26,Fashion,22.44,1,Window Shopper
U01539,44.988080968066214,Male,56957.8,18.46,6,3.59,0.0,193.01,Beauty,83.03,17,Emotional Buyer
U01540,50.869833476331735,Female,55700.84,26.49,4,6.68,77.62,81.88,Home,46.66,5,Budget Conscious
U01541,30.63547443821258,Female,69363.35,29.25,1,3.73,66.28,231.3,Beauty,91.75,8,Emotional Buyer
U01542,41.93373399571533,Female,91747.54,17.46,5,11.35,17.81,627.37,Luxury,25.1,3,Luxury Shopper
U01543,26.807989960157624,Female,121284.94,17.46,4,9.01,10.7,499.81,Electronics,0.7,3,Luxury Shopper
U01544,19.001439862047825,Male,63616.18,25.46,9,4.44,26.24,122.68,Fashion,81.34,7,Impulsive Buyer
U01545,32.424346781075634,Female,57245.59,23.01,4,9.35,72.54,98.03,Home,35.06,5,Budget Conscious
U01546,37.550576633433884,Male,102313.18,24.05,5,10.05,17.49,393.68,Luxury,17.55,5,Luxury Shopper
U01547,30.80712440025996,Female,117253.93,23.43,6,12.89,17.69,403.12,Electronics,25.55,4,Luxury Shopper
U01548,34.6435845570658,Female,101572.85,37.6,3,3.97,63.11,121.01,Fashion,41.7,3,Window Shopper
U01549,60.019542208027204,Male,117769.9,22.28,0,5.24,22.42,294.77,Electronics,28.31,6,Luxury Shopper
U01550,35.05485692280929,Female,87448.87,18.52,7,9.36,18.66,353.93,Luxury,23.82,5,Luxury Shopper
U01551,41.57148277660405,Female,54133.29,24.73,11,5.97,19.79,281.89,Electronics,89.64,7,Impulsive Buyer
U01552,38.26163600775095,Non-binary,19860.62,14.27,2,10.86,91.45,115.78,Home,12.32,0,Budget Conscious
U01553,40.54840859047241,Non-binary,92381.51,17.86,5,4.3,13.05,496.39,Luxury,18.77,4,Luxury Shopper
U01554,40.854972895812075,Male,111148.65,12.46,6,9.49,2.43,419.02,Luxury,18.72,6,Luxury Shopper
U01555,29.574515477227003,Female,115718.26,16.75,6,9.31,23.83,403.25,Electronics,37.88,3,Luxury Shopper
U01556,18.0,Male,68774.36,41.47,2,4.18,27.69,141.38,Beauty,11.89,3,Window Shopper
U01557,42.33314940970973,Non-binary,65095.22,35.2,8,6.04,50.99,215.69,Beauty,69.44,10,Emotional Buyer
U01558,20.20268562949437,Non-binary,46482.07,18.33,3,7.3,79.65,87.24,Home,13.88,3,Budget Conscious
U01559,27.799359393346748,Female,97191.87,39.87,0,5.59,24.68,134.25,Beauty,13.69,3,Window Shopper
U01560,38.834036049239,Female,50058.68,22.2,3,3.37,46.65,197.63,Beauty,94.7,8,Emotional Buyer
U01561,36.91588936891949,Female,71082.12,23.51,5,7.71,66.79,213.56,Beauty,71.52,13,Emotional Buyer
U01562,41.037205748865304,Female,50055.7,15.5,4,8.86,85.88,185.4,Groceries,4.66,2,Budget Conscious
U01563,33.41729557671677,Male,44279.83,27.35,5,5.17,30.72,273.14,Beauty,98.18,7,Emotional Buyer
U01564,37.04170174035641,Female,51181.13,20.02,9,6.3,34.63,79.44,Beauty,64.2,9,Emotional Buyer
U01565,27.328740873476285,Female,61073.14,48.24,1,0.71,40.54,74.01,Fashion,39.68,2,Window Shopper
U01566,47.62092750563567,Female,45967.3,28.53,3,12.75,72.92,144.6,Groceries,15.8,3,Budget Conscious
U01567,36.514109389392296,Male,45213.74,20.31,10,3.75,58.62,87.25,Electronics,54.97,13,Impulsive Buyer
U01568,41.89903585697654,Female,35020.37,42.54,13,4.43,58.98,180.1,Fashion,85.04,14,Impulsive Buyer
U01569,24.36966760936929,Female,44168.91,28.52,7,6.85,90.66,136.4,Groceries,31.54,5,Budget Conscious
U01570,31.104835199824624,Female,53094.31,12.59,4,13.39,92.63,139.66,Groceries,41.27,4,Budget Conscious
U01571,37.68830961189309,Non-binary,47899.33,22.09,4,6.77,78.75,82.49,Groceries,22.41,2,Budget Conscious
U01572,37.03527576814913,Female,53231.75,12.88,0,10.58,66.74,94.61,Groceries,21.59,3,Budget Conscious
U01573,37.34351333743718,Male,30090.71,20.61,5,11.37,97.8,125.14,Home,26.89,3,Budget Conscious
U01574,36.094537359863665,Female,66611.67,40.78,6,4.44,61.46,273.72,Fashion,77.3,14,Emotional Buyer
U01575,27.1578747662458,Female,73051.81,35.58,11,6.65,58.87,185.25,Fashion,47.3,3,Impulsive Buyer
U01576,38.32474104739126,Female,106430.03,25.06,6,5.87,0.0,406.68,Luxury,23.13,7,Luxury Shopper
U01577,35.62203812450642,Female,57387.04,51.06,0,2.18,19.86,25.12,Fashion,25.42,1,Window Shopper
U01578,36.6459086408939,Female,53795.04,28.58,4,1.77,35.53,199.93,Beauty,84.18,11,Emotional Buyer
U01579,23.497222872593973,Male,39703.75,20.81,8,3.47,33.26,176.69,Fashion,86.49,6,Emotional Buyer
U01580,30.559253247061754,Male,34950.98,21.31,5,2.01,49.69,206.71,Beauty,69.63,8,Emotional Buyer
U01581,44.001617277341694,Female,55820.37,19.14,8,1.67,56.97,200.48,Beauty,80.73,12,Emotional Buyer
U01582,43.65380326003093,Female,120906.33,21.16,6,11.65,16.02,533.96,Luxury,17.78,3,Luxury Shopper
U01583,31.46230867142673,Male,31824.6,19.74,0,13.01,80.97,91.67,Groceries,30.68,2,Budget Conscious
U01584,39.97538166688624,Female,109429.37,23.22,6,6.88,4.66,474.77,Luxury,12.52,5,Luxury Shopper
U01585,52.431524616993144,Female,53671.38,18.64,3,10.32,72.1,126.89,Groceries,13.83,2,Budget Conscious
U01586,31.454405143102743,Female,36444.07,34.91,6,5.38,33.23,152.56,Beauty,83.67,11,Emotional Buyer
U01587,23.328911565467504,Female,96673.3,12.88,5,8.42,31.05,387.66,Electronics,19.06,2,Luxury Shopper
U01588,27.823579279961496,Male,36750.56,14.37,3,6.3,89.22,89.79,Groceries,38.59,2,Budget Conscious
U01589,35.61869622892161,Non-binary,115080.9,4.35,5,7.75,25.68,453.7,Electronics,28.71,4,Luxury Shopper
U01590,38.52883522019125,Non-binary,80766.24,44.34,6,5.49,58.47,328.38,Fashion,69.77,14,Impulsive Buyer
U01591,20.610258652987415,Non-binary,57680.83,25.2,6,5.04,55.18,137.73,Fashion,65.03,15,Impulsive Buyer
U01592,31.99753419785256,Female,31274.68,31.49,9,3.1,39.74,35.02,Electronics,81.16,17,Impulsive Buyer
U01593,27.646640879734857,Female,52560.23,39.37,4,4.47,37.3,284.98,Fashion,91.29,10,Emotional Buyer
U01594,60.77983796478849,Female,63898.31,38.32,2,6.21,98.86,143.9,Groceries,17.54,2,Budget Conscious
U01595,37.41124233430892,Female,50401.07,15.84,5,4.06,24.06,252.09,Fashion,97.56,6,Emotional Buyer
U01596,33.90914381831043,Female,50075.04,38.65,3,1.04,3.36,105.21,Fashion,26.02,1,Window Shopper
U01597,23.872166508599655,Female,46350.9,20.76,13,8.08,50.3,133.99,Fashion,89.15,12,Impulsive Buyer
U01598,18.0,Female,54646.74,26.35,10,6.47,44.08,257.04,Electronics,85.29,11,Impulsive Buyer
U01599,38.72044106682822,Female,47026.08,31.58,7,3.91,28.49,95.92,Beauty,61.68,10,Emotional Buyer
U01600,51.88874223550185,Female,117434.19,21.2,4,11.63,26.91,664.96,Luxury,26.5,6,Luxury Shopper
U01601,18.0,Male,56561.73,24.47,10,3.91,58.83,230.93,Beauty,83.05,11,Emotional Buyer
U01602,23.183626154658338,Female,74263.78,34.51,5,6.85,39.11,258.96,Electronics,49.67,9,Impulsive Buyer
U01603,20.389094530994566,Male,65592.92,52.98,2,2.0,1.86,62.87,Fashion,14.51,1,Window Shopper
U01604,37.19764851843198,Female,61215.72,32.54,7,6.31,44.35,222.7,Beauty,74.78,8,Emotional Buyer
U01605,45.562617600699824,Male,118369.18,23.52,7,5.9,2.61,601.97,Luxury,30.64,2,Luxury Shopper
U01606,51.01716257658906,Female,127369.63,19.92,4,8.78,30.46,577.65,Luxury,26.8,4,Luxury Shopper
U01607,34.56576459446955,Male,72427.65,15.68,7,5.82,50.76,126.32,Beauty,61.02,7,Emotional Buyer
U01608,31.655358680786453,Female,125736.52,19.95,3,10.91,19.18,311.42,Electronics,19.17,6,Luxury Shopper
U01609,46.14829081580821,Female,18000.0,17.51,3,8.33,76.63,82.42,Groceries,5.54,1,Budget Conscious
U01610,42.28927016683581,Male,37053.27,15.11,4,14.18,74.17,64.41,Home,14.83,4,Budget Conscious
U01611,52.605127174523375,Female,127089.72,7.49,4,9.57,17.45,450.35,Electronics,21.59,3,Luxury Shopper
U01612,25.79044162270285,Female,49985.13,58.25,2,2.59,28.99,101.75,Fashion,13.63,4,Window Shopper
U01613,20.884722998249575,Male,101390.72,51.02,0,0.53,47.23,116.29,Fashion,40.69,3,Window Shopper
U01614,40.8024235577641,Female,107105.57,22.61,6,8.97,11.28,383.13,Luxury,42.38,1,Luxury Shopper
U01615,36.1736025547247,Male,65994.6,23.94,7,4.05,15.46,221.0,Beauty,67.44,11,Emotional Buyer
U01616,52.760111116341584,Male,94001.89,25.11,6,9.39,9.52,535.61,Electronics,17.73,4,Luxury Shopper
U01617,26.88680326935104,Female,38660.89,36.07,9,5.33,11.24,307.39,Electronics,68.6,13,Impulsive Buyer
U01618,22.574739840978452,Female,32764.39,18.71,4,8.25,71.23,131.78,Groceries,25.35,5,Budget Conscious
U01619,34.451345462670524,Female,79183.91,20.96,7,5.03,77.19,256.76,Fashion,93.95,11,Emotional Buyer
U01620,23.942060349339542,Male,43664.46,41.91,3,2.98,54.1,262.71,Fashion,71.14,11,Impulsive Buyer
U01621,31.81826778655527,Female,59299.22,37.23,7,8.2,66.96,200.57,Fashion,69.85,10,Impulsive Buyer
U01622,41.439233011423326,Female,49658.3,26.19,4,10.45,75.72,100.47,Home,20.7,2,Budget Conscious
U01623,33.02268613608858,Female,53802.41,34.97,3,5.12,27.04,58.2,Beauty,23.52,1,Window Shopper
U01624,18.0,Male,67308.73,20.67,13,5.8,40.16,163.0,Electronics,70.82,15,Budget Conscious
U01625,40.97191978242967,Male,141496.56,12.11,3,7.15,0.0,593.37,Luxury,13.35,4,Luxury Shopper
U01626,31.28998543319168,Non-binary,57983.02,48.3,4,6.21,33.73,74.4,Fashion,18.11,3,Window Shopper
U01627,23.53519535358254,Male,133673.98,17.74,4,12.43,0.0,517.46,Luxury,6.55,4,Luxury Shopper
U01628,18.0,Male,49597.96,35.65,9,4.0,29.55,307.1,Electronics,75.27,9,Impulsive Buyer
U01629,37.62210707282282,Male,34983.45,25.38,8,7.57,32.19,147.63,Electronics,62.86,14,Impulsive Buyer
U01630,42.06508339005666,Male,52203.55,20.32,2,6.6,69.89,50.6,Groceries,0.0,1,Budget Conscious
U01631,18.403248950397145,Male,52518.14,13.17,5,5.45,78.57,101.14,Groceries,25.07,2,Budget Conscious
U01632,32.5005764784763,Female,59842.73,31.16,6,5.08,23.0,134.53,Fashion,93.42,4,Emotional Buyer
U01633,25.101850096225697,Male,43578.51,55.35,0,3.81,48.87,68.52,Beauty,35.23,2,Window Shopper
U01634,30.098341625389402,Male,67199.96,47.51,0,1.83,54.22,73.1,Beauty,30.84,4,Window Shopper
U01635,18.374193793485574,Female,52170.0,26.31,5,4.6,34.52,216.72,Fashion,82.65,4,Emotional Buyer
U01636,25.649828252298416,Female,47897.68,17.9,3,10.17,77.16,183.76,Groceries,26.87,5,Budget Conscious
U01637,38.266317150155345,Female,52370.38,16.12,2,8.21,67.72,144.26,Groceries,25.8,7,Budget Conscious
U01638,25.702004234538272,Male,60676.77,27.26,6,6.58,50.67,185.59,Beauty,94.58,10,Impulsive Buyer
U01639,48.73286808029684,Female,96228.55,23.89,3,9.03,0.0,406.74,Electronics,22.18,3,Luxury Shopper
U01640,22.348784746011816,Male,41938.42,29.63,1,4.95,25.92,138.1,Fashion,25.43,0,Window Shopper
U01641,41.90174078236192,Female,73740.13,35.75,1,2.82,34.17,118.16,Beauty,41.11,2,Window Shopper
U01642,34.036919117946255,Male,65706.57,27.53,10,4.4,16.29,156.92,Fashion,59.16,10,Impulsive Buyer
U01643,35.746444886543586,Female,43747.24,17.21,6,8.67,70.51,150.36,Groceries,23.45,3,Budget Conscious
U01644,23.497602428188003,Male,64298.04,28.74,12,6.94,6.61,170.38,Fashion,61.21,8,Impulsive Buyer
U01645,31.52867114870248,Male,56892.41,27.63,9,7.13,59.46,124.86,Electronics,58.77,16,Impulsive Buyer
U01646,31.18283365127386,Female,71565.65,13.25,5,5.26,83.68,149.44,Groceries,33.61,2,Budget Conscious
U01647,34.15437853927339,Female,122089.61,11.3,2,7.18,30.87,416.16,Luxury,30.93,5,Luxury Shopper
U01648,32.34866501728449,Female,35489.18,45.9,2,2.56,27.53,68.64,Fashion,19.55,0,Window Shopper
U01649,37.98819114534438,Female,64935.18,28.31,5,2.35,23.93,252.94,Beauty,66.36,8,Emotional Buyer
U01650,35.962138856238056,Male,59852.99,39.72,0,5.5,25.64,150.91,Fashion,33.99,3,Window Shopper
U01651,40.10702767603797,Non-binary,145637.76,28.56,5,11.69,0.0,536.82,Electronics,19.06,1,Luxury Shopper
U01652,30.600846573977847,Male,153401.33,15.75,9,7.23,26.88,557.98,Luxury,36.62,2,Luxury Shopper
U01653,49.83160562603364,Male,124198.79,14.62,8,10.69,20.68,490.73,Luxury,17.47,3,Luxury Shopper
U01654,34.486914685640926,Female,57019.74,43.08,6,4.5,22.0,169.77,Electronics,58.44,14,Impulsive Buyer
U01655,52.2429244223402,Male,63167.02,38.48,6,2.27,57.09,185.34,Beauty,58.37,16,Emotional Buyer
U01656,44.02780537662081,Male,62646.59,17.87,3,9.52,93.51,132.02,Home,13.02,4,Budget Conscious
U01657,37.164939941857504,Female,142898.47,21.95,2,6.08,25.91,467.57,Luxury,39.56,5,Luxury Shopper
U01658,37.898612326860984,Non-binary,73690.46,25.89,5,3.76,27.85,276.33,Fashion,77.14,9,Emotional Buyer
U01659,55.15880059135747,Female,99716.48,13.66,8,13.08,21.41,494.68,Luxury,16.02,4,Luxury Shopper
U01660,30.096405520921493,Male,46872.64,38.52,9,5.31,27.31,200.43,Fashion,61.49,17,Impulsive Buyer
U01661,28.380223026412978,Non-binary,34214.23,29.17,12,6.49,21.05,228.76,Electronics,68.58,9,Impulsive Buyer
U01662,35.79969093918198,Male,31609.09,55.3,0,2.25,27.73,61.51,Fashion,33.7,2,Window Shopper
U01663,34.88001994298093,Female,54704.22,60.2,2,3.99,43.38,102.68,Fashion,20.42,0,Window Shopper
U01664,39.16115381745137,Male,119358.39,24.98,4,13.1,22.1,521.46,Luxury,18.15,3,Luxury Shopper
U01665,28.385598661953296,Female,45741.39,30.63,6,3.13,57.46,196.75,Beauty,81.2,9,Emotional Buyer
U01666,32.330850600254365,Male,81007.04,31.0,5,6.22,51.93,199.24,Beauty,86.05,6,Emotional Buyer
U01667,24.79232388400147,Female,56159.23,32.47,15,2.92,45.09,165.38,Beauty,79.89,7,Emotional Buyer
U01668,36.92639991962884,Male,111537.37,24.06,7,8.12,3.62,522.42,Electronics,21.9,4,Luxury Shopper
U01669,33.69636750050766,Male,68608.5,28.25,9,9.7,49.86,133.4,Fashion,82.01,19,Impulsive Buyer
U01670,43.2745124108446,Female,40590.75,22.22,2,3.75,19.86,265.87,Beauty,83.96,6,Emotional Buyer
U01671,52.61613469867286,Female,127866.31,25.67,5,9.57,14.41,542.93,Luxury,27.99,5,Luxury Shopper
U01672,26.452696286070488,Male,37930.39,12.52,8,14.17,89.77,172.25,Groceries,25.29,4,Budget Conscious
U01673,28.18378879307951,Female,59278.97,41.74,2,4.92,24.46,80.51,Beauty,50.08,0,Window Shopper
U01674,24.725452390736486,Female,58613.81,44.12,6,4.36,41.2,118.03,Fashion,82.15,15,Impulsive Buyer
U01675,26.11613732859957,Female,53575.87,31.16,1,2.09,31.88,73.79,Beauty,21.46,4,Window Shopper
U01676,31.109427240611616,Female,58373.95,31.45,9,3.36,37.1,170.0,Beauty,86.23,9,Emotional Buyer
U01677,35.59215875025983,Male,58801.93,39.7,0,3.13,17.16,61.01,Beauty,24.58,1,Window Shopper
U01678,34.627166685301546,Male,51917.25,14.38,5,7.2,81.3,95.22,Groceries,1.84,3,Luxury Shopper
U01679,39.54507679580389,Female,75653.45,32.46,13,6.92,41.24,264.78,Beauty,83.95,10,Emotional Buyer
U01680,29.579434476990908,Female,39900.19,21.74,6,11.88,100.0,119.03,Home,4.59,4,Budget Conscious
U01681,29.756251905227998,Female,71778.38,46.77,1,1.67,15.96,42.37,Beauty,27.56,3,Window Shopper
U01682,30.349367685189677,Female,65048.17,18.81,7,5.41,31.75,240.76,Fashion,83.32,10,Emotional Buyer
U01683,22.82845516416279,Male,96844.37,53.24,0,5.38,23.59,43.81,Beauty,19.67,1,Window Shopper
U01684,41.41881211339362,Female,153854.79,18.57,5,7.67,4.91,480.83,Luxury,27.04,4,Luxury Shopper
U01685,27.522385210714262,Male,57659.83,44.4,8,5.36,19.93,117.64,Fashion,91.51,11,Impulsive Buyer
U01686,37.41851790963569,Male,127534.66,18.33,10,7.28,41.44,491.33,Luxury,25.26,7,Luxury Shopper
U01687,38.13031491821132,Male,48268.75,33.42,2,1.31,100.0,151.98,Home,13.93,1,Budget Conscious
U01688,22.98181158335383,Male,39973.56,25.78,3,7.33,80.57,172.28,Groceries,22.36,3,Budget Conscious
U01689,29.370635803863525,Female,38250.5,32.32,5,3.95,68.41,161.54,Groceries,3.61,2,Budget Conscious
U01690,31.00829050722638,Female,105309.66,16.21,6,8.81,37.39,451.16,Luxury,26.75,6,Luxury Shopper
U01691,39.11480506086105,Female,61095.33,35.38,3,0.2,27.76,141.96,Beauty,9.21,2,Window Shopper
U01692,43.819972679761214,Male,47019.74,29.41,5,3.46,29.79,125.74,Fashion,68.24,10,Emotional Buyer
U01693,36.73684248900492,Male,92000.43,17.14,7,8.17,4.37,368.77,Luxury,4.41,3,Luxury Shopper
U01694,20.538616896366236,Female,51222.62,36.77,1,4.27,18.49,90.17,Beauty,24.08,0,Window Shopper
U01695,18.0,Female,60354.54,53.12,2,3.4,41.54,135.28,Beauty,16.62,2,Window Shopper
U01696,24.52118794955199,Female,21749.76,15.89,4,11.11,93.09,130.61,Groceries,11.91,2,Budget Conscious
U01697,29.758115238765907,Male,77651.28,21.29,9,6.04,12.25,240.97,Fashion,62.21,9,Impulsive Buyer
U01698,34.635846898942795,Male,57380.0,50.91,2,1.58,32.29,144.82,Fashion,20.51,1,Window Shopper
U01699,18.0,Male,32775.09,43.48,8,5.91,58.48,186.43,Fashion,77.38,9,Emotional Buyer
U01700,25.58726565786078,Male,72671.8,50.0,4,2.84,10.6,81.35,Fashion,43.63,3,Window Shopper
U01701,30.80604339521939,Female,41465.0,27.43,5,2.52,48.35,208.32,Fashion,78.57,10,Emotional Buyer
U01702,34.61140656043107,Male,54879.98,24.19,4,7.08,47.38,157.54,Beauty,72.6,8,Emotional Buyer
U01703,42.9030712557252,Male,145033.24,25.84,8,3.88,1.26,424.68,Luxury,17.7,5,Luxury Shopper
U01704,33.975724243856355,Female,74368.37,34.03,1,2.88,61.07,102.35,Fashion,12.5,2,Window Shopper
U01705,32.09979427489605,Male,44267.3,30.77,6,10.49,75.17,168.72,Home,16.81,6,Budget Conscious
U01706,26.809069424057288,Female,57678.26,28.8,8,3.62,36.85,220.48,Beauty,93.57,12,Emotional Buyer
U01707,26.682396535124088,Male,37347.3,33.77,2,3.59,27.3,205.15,Fashion,91.06,15,Impulsive Buyer
U01708,39.84436846314906,Male,50710.62,19.72,3,5.86,96.51,123.02,Groceries,17.56,3,Budget Conscious
U01709,35.59516258700232,Male,45922.97,21.64,7,5.22,36.07,248.53,Beauty,96.62,9,Emotional Buyer
U01710,29.83372405068747,Male,126702.93,25.7,5,8.8,20.15,531.12,Luxury,18.48,4,Luxury Shopper
U01711,37.581884204936564,Female,40960.64,57.43,1,1.69,33.21,113.67,Fashion,14.37,1,Window Shopper
U01712,36.52232080859491,Male,124175.77,21.34,5,7.99,33.39,429.53,Luxury,19.14,4,Luxury Shopper
U01713,34.62676124961977,Male,56067.54,24.9,3,5.09,36.35,279.7,Beauty,76.65,9,Emotional Buyer
U01714,37.88368177676486,Male,75587.06,26.93,8,4.25,44.87,292.59,Fashion,87.06,6,Emotional Buyer
U01715,33.7162847318094,Male,112706.95,10.98,5,9.74,35.39,515.06,Luxury,26.49,0,Luxury Shopper
U01716,18.941303506376798,Female,75185.28,41.61,3,1.92,43.98,153.52,Beauty,15.45,3,Window Shopper
U01717,40.970240736562204,Male,122703.54,28.36,4,7.82,24.51,496.93,Luxury,16.54,2,Luxury Shopper
U01718,41.2377067900333,Male,44040.91,28.41,1,9.17,81.89,144.44,Groceries,22.21,3,Budget Conscious
U01719,29.20525669475615,Female,68921.15,53.39,0,0.2,41.76,98.55,Beauty,9.56,3,Window Shopper
U01720,33.09484762317441,Male,81472.49,32.36,2,6.77,58.22,360.22,Fashion,90.65,12,Emotional Buyer
U01721,26.391966804147646,Non-binary,47051.46,31.55,14,4.36,44.25,156.19,Fashion,78.64,9,Impulsive Buyer
U01722,54.16163317544598,Male,101215.81,23.36,7,7.04,26.19,537.9,Luxury,9.83,2,Luxury Shopper
U01723,38.01856918404788,Male,84079.99,38.78,6,0.2,16.41,127.09,Beauty,35.72,3,Window Shopper
U01724,25.619313525318248,Female,44883.32,14.92,2,11.89,80.12,141.01,Groceries,13.46,4,Budget Conscious
U01725,38.478237238166834,Non-binary,41798.1,17.92,0,11.88,68.78,102.68,Groceries,20.0,6,Budget Conscious
U01726,28.60714853457938,Female,62094.24,28.8,7,4.1,40.08,197.77,Fashion,78.55,16,Impulsive Buyer
U01727,35.442417762229425,Male,116735.08,16.3,2,9.88,22.75,521.73,Electronics,15.69,3,Budget Conscious
U01728,35.88617347911351,Male,81508.61,28.12,5,5.78,54.26,217.29,Beauty,72.05,7,Window Shopper
U01729,29.24725892626472,Male,45365.46,24.33,7,2.29,34.29,222.21,Fashion,55.44,10,Impulsive Buyer
U01730,34.19013373846372,Male,104309.81,25.44,5,9.46,27.62,511.53,Luxury,15.75,5,Luxury Shopper
U01731,41.00675702591167,Male,42943.04,44.47,4,4.98,63.93,241.56,Beauty,91.17,25,Emotional Buyer
U01732,20.617038293920956,Male,63040.33,29.85,5,4.91,40.15,317.06,Fashion,100.0,15,Budget Conscious
U01733,35.733014374595925,Female,53574.18,24.95,0,1.79,30.83,100.97,Fashion,33.44,0,Window Shopper
U01734,62.433108169940134,Male,115948.64,12.01,6,12.31,32.85,398.85,Electronics,27.31,7,Luxury Shopper
U01735,19.26650276201913,Male,72983.28,28.37,12,3.51,49.13,191.04,Beauty,98.75,10,Emotional Buyer
U01736,24.892547050763216,Female,64420.11,38.44,4,2.15,44.91,126.22,Fashion,37.12,1,Window Shopper
U01737,26.16288246047615,Male,57225.73,23.23,2,4.75,27.19,326.02,Beauty,93.53,14,Emotional Buyer
U01738,35.39354655293737,Male,104090.23,14.43,3,9.53,0.0,508.04,Luxury,37.95,3,Luxury Shopper
U01739,33.622331144798764,Male,32868.71,24.2,3,8.28,73.68,68.58,Groceries,13.75,3,Budget Conscious
U01740,43.92461790440123,Male,49986.61,31.38,1,1.83,57.84,70.57,Fashion,42.2,2,Window Shopper
U01741,38.627832812670455,Female,65431.31,18.59,5,7.48,6.43,506.55,Electronics,0.19,2,Luxury Shopper
U01742,38.053968141210426,Male,113960.73,14.07,5,11.16,14.5,360.99,Electronics,18.0,5,Luxury Shopper
U01743,36.62193909328645,Female,51657.1,39.47,5,5.6,47.67,142.05,Fashion,49.15,8,Impulsive Buyer
U01744,19.831939508586565,Female,57566.75,35.0,6,4.09,61.42,172.03,Beauty,100.0,10,Emotional Buyer
U01745,27.70103614008198,Male,53407.67,44.76,0,1.65,36.15,91.15,Beauty,20.71,2,Window Shopper
U01746,31.666720052617364,Female,62585.67,41.73,1,2.96,30.4,69.57,Beauty,37.78,3,Window Shopper
U01747,37.125794377866015,Female,58046.73,55.32,1,2.23,52.73,65.63,Beauty,17.25,1,Window Shopper
U01748,48.29528902531887,Male,49615.12,21.88,3,3.34,50.9,82.59,Groceries,28.85,0,Budget Conscious
U01749,35.46109404454692,Female,48150.49,9.37,0,6.61,99.85,96.41,Home,22.66,4,Budget Conscious
U01750,19.932286922799175,Female,51794.96,21.38,3,10.82,96.44,106.39,Groceries,14.17,4,Budget Conscious
U01751,32.64854493357377,Female,61047.3,47.55,0,4.21,28.2,95.75,Beauty,15.86,2,Window Shopper
U01752,20.08757400417321,Male,37777.41,23.6,7,6.07,35.92,178.48,Electronics,85.76,14,Impulsive Buyer
U01753,36.280116851238695,Female,69812.21,12.46,6,4.81,50.32,336.43,Fashion,91.01,8,Emotional Buyer
U01754,35.08802032025067,Male,65212.22,37.19,8,5.33,29.96,328.9,Beauty,72.28,10,Emotional Buyer
U01755,38.82447488809317,Male,101705.63,20.64,4,4.08,22.9,616.37,Luxury,24.32,8,Luxury Shopper
U01756,42.33890835745568,Female,53373.81,24.11,4,14.6,80.03,97.17,Groceries,41.61,5,Budget Conscious
U01757,27.844026420671018,Male,58414.85,23.61,12,4.17,28.74,251.45,Electronics,78.86,6,Impulsive Buyer
U01758,37.974211449964734,Female,29033.97,18.47,6,4.73,47.21,130.18,Fashion,68.94,8,Emotional Buyer
U01759,36.12948939820439,Female,51218.39,40.0,9,3.69,45.4,251.79,Beauty,72.87,4,Emotional Buyer
U01760,29.8901600755411,Female,57949.3,34.16,4,3.97,23.82,262.17,Beauty,85.58,11,Emotional Buyer
U01761,40.515937203645926,Male,115355.67,12.5,0,12.94,9.53,642.78,Luxury,7.83,4,Luxury Shopper
U01762,27.337748680352455,Female,53923.8,26.29,8,4.73,18.91,150.92,Fashion,91.89,10,Impulsive Buyer
U01763,51.72771005701536,Male,117202.31,19.56,4,8.63,32.66,549.27,Luxury,32.27,3,Luxury Shopper
U01764,31.573652961360835,Female,76087.14,26.32,8,4.3,76.8,179.38,Fashion,98.53,9,Impulsive Buyer
U01765,18.610851937560035,Male,66223.35,45.64,7,5.5,28.7,204.4,Electronics,82.67,11,Impulsive Buyer
U01766,38.91977175831276,Female,59129.08,38.28,8,5.69,43.87,150.1,Electronics,62.69,16,Impulsive Buyer
U01767,37.144862985098996,Female,47348.07,23.66,7,3.87,48.66,187.23,Beauty,89.95,7,Emotional Buyer
U01768,22.139536781619015,Female,56116.63,41.8,9,6.29,41.74,205.35,Electronics,81.58,11,Impulsive Buyer
U01769,36.71675657483391,Male,50664.64,33.72,5,3.13,24.4,176.86,Electronics,97.3,14,Impulsive Buyer
U01770,19.78717826453141,Female,65196.1,22.06,6,1.95,74.71,214.58,Beauty,86.03,7,Emotional Buyer
U01771,31.86233715889586,Non-binary,47083.17,22.38,6,8.32,80.49,171.17,Groceries,16.04,4,Budget Conscious
U01772,38.66412085359746,Male,61573.2,42.51,2,3.99,36.81,86.61,Fashion,34.93,3,Window Shopper
U01773,18.0,Non-binary,54239.55,43.29,4,2.99,28.5,50.88,Fashion,25.28,5,Window Shopper
U01774,24.82643309197391,Female,77186.76,28.78,3,2.69,45.07,262.87,Beauty,88.83,9,Emotional Buyer
U01775,40.16565370525759,Male,83114.35,42.17,1,1.13,24.98,111.44,Beauty,28.0,2,Window Shopper
U01776,34.079947835707856,Male,49411.17,26.86,4,6.74,52.41,117.38,Groceries,36.7,4,Budget Conscious
U01777,29.894428338831208,Male,54492.13,49.43,0,2.05,12.39,76.34,Fashion,43.73,2,Window Shopper
U01778,35.53873160048935,Non-binary,34618.95,17.8,3,15.17,67.2,140.04,Groceries,11.94,1,Budget Conscious
U01779,43.40192573037521,Male,159982.73,6.62,1,13.42,0.0,552.41,Electronics,32.22,4,Luxury Shopper
U01780,23.316933017351353,Male,43733.94,21.67,0,10.35,67.27,67.97,Home,20.05,4,Budget Conscious
U01781,22.886681650997662,Male,50375.72,31.68,6,4.44,38.53,234.51,Electronics,64.1,18,Impulsive Buyer
U01782,21.369039556401056,Female,71723.38,56.83,1,6.7,19.6,67.25,Fashion,25.74,2,Window Shopper
U01783,50.36756590362793,Male,123526.16,18.41,6,7.63,28.55,530.92,Luxury,28.88,4,Luxury Shopper
U01784,29.837580010153,Male,61734.53,19.71,12,5.89,29.99,91.74,Electronics,89.39,10,Impulsive Buyer
U01785,48.306132332454105,Male,122954.17,9.73,5,6.08,20.52,444.38,Luxury,12.14,3,Luxury Shopper
U01786,19.96453576070237,Male,62523.12,32.66,5,5.22,37.76,235.08,Beauty,89.53,6,Emotional Buyer
U01787,44.567971725254075,Female,133646.28,21.57,6,9.46,10.86,446.32,Luxury,0.75,1,Luxury Shopper
U01788,25.968103113762147,Female,33416.93,46.84,3,1.19,19.82,93.29,Fashion,21.65,2,Window Shopper
U01789,37.90409702067888,Female,63395.59,18.86,4,6.17,19.13,299.09,Beauty,65.83,9,Emotional Buyer
U01790,44.72933380694143,Male,45481.68,36.13,11,7.01,26.14,175.95,Fashion,77.28,14,Impulsive Buyer
U01791,29.744861440940127,Female,67217.65,37.71,3,4.18,41.86,15.0,Beauty,41.44,2,Window Shopper
U01792,43.73589639968553,Male,133723.93,19.83,3,10.38,1.53,537.83,Luxury,28.81,1,Luxury Shopper
U01793,51.44857981637876,Male,133262.78,18.7,10,8.94,0.0,367.85,Electronics,42.98,6,Luxury Shopper
U01794,42.14405716622469,Male,52724.61,47.49,0,2.02,31.69,86.71,Beauty,27.61,2,Window Shopper
U01795,29.222507086328335,Female,52108.97,26.31,6,4.07,76.13,229.74,Beauty,68.93,3,Emotional Buyer
U01796,35.32286256331701,Male,122436.8,31.02,4,8.79,20.22,380.47,Luxury,44.96,8,Luxury Shopper
U01797,31.462478879839466,Female,60418.06,20.95,4,7.93,62.28,90.14,Home,25.4,2,Budget Conscious
U01798,59.65590425340271,Male,135648.51,18.1,6,6.94,15.26,455.59,Luxury,21.63,6,Luxury Shopper
U01799,40.70602992002966,Female,52208.92,16.26,4,8.69,64.0,64.67,Groceries,3.08,1,Budget Conscious
U01800,38.172369705599074,Female,47939.81,16.37,2,11.61,75.91,159.27,Home,21.68,4,Window Shopper
U01801,31.0087996246586,Female,38887.43,26.82,3,8.44,78.3,76.65,Home,29.25,3,Budget Conscious
U01802,41.13810769757292,Male,46500.05,23.16,4,11.31,93.06,90.68,Groceries,18.59,3,Budget Conscious
U01803,26.549747971393906,Female,81335.58,35.93,13,6.3,49.01,295.6,Electronics,67.5,13,Impulsive Buyer
U01804,32.9698067710207,Male,79094.0,34.1,3,5.15,43.25,83.39,Fashion,36.02,4,Window Shopper
U01805,19.54695322045911,Male,56227.98,42.22,3,0.2,19.88,22.03,Fashion,9.29,3,Window Shopper
U01806,20.439070737483355,Male,71202.96,22.15,2,4.32,34.72,49.95,Beauty,51.94,0,Window Shopper
U01807,36.61031218117827,Female,74079.84,40.6,3,6.94,2.31,319.31,Electronics,69.24,9,Impulsive Buyer
U01808,26.749263263383405,Female,48353.9,21.72,3,4.98,84.57,180.75,Home,20.08,4,Budget Conscious
U01809,30.156493910150953,Female,45528.36,32.01,4,4.51,92.92,122.3,Home,28.24,5,Budget Conscious
U01810,29.467513343553335,Female,68052.19,24.18,11,3.3,60.64,267.38,Electronics,65.97,14,Impulsive Buyer
U01811,36.319610728563816,Male,71838.37,22.88,3,5.01,2.84,507.63,Luxury,12.61,6,Luxury Shopper
U01812,33.90252238546968,Female,44989.22,25.55,2,6.36,84.59,91.63,Home,18.64,3,Budget Conscious
U01813,27.33891689007384,Female,31712.93,24.26,1,3.75,38.56,67.82,Fashion,17.49,1,Window Shopper
U01814,38.1273549749388,Female,157559.26,23.38,5,8.87,0.0,380.98,Luxury,33.94,1,Luxury Shopper
U01815,33.85572883030996,Male,61537.88,25.84,9,5.0,42.76,165.21,Beauty,81.84,11,Emotional Buyer
U01816,35.25469927654467,Female,39043.35,21.49,1,8.74,83.62,118.04,Groceries,0.0,0,Budget Conscious
U01817,19.25875275827461,Male,72070.94,47.08,3,1.24,39.49,98.75,Beauty,28.6,0,Window Shopper
U01818,30.19488463436072,Female,49541.7,22.77,2,9.71,100.0,148.86,Groceries,26.03,5,Budget Conscious
U01819,49.96726590975153,Non-binary,53951.85,21.09,2,11.25,63.74,108.77,Home,16.31,2,Budget Conscious
U01820,37.83573260952653,Male,49688.25,17.18,4,15.59,62.18,75.66,Groceries,28.14,4,Budget Conscious
U01821,22.011580049918226,Female,71395.65,15.76,8,5.36,14.42,294.68,Beauty,98.6,9,Emotional Buyer
U01822,35.21709490368106,Female,49204.07,24.05,0,6.97,67.4,104.33,Home,22.71,2,Budget Conscious
U01823,34.42339010296286,Female,33262.06,6.71,5,8.86,91.39,137.74,Groceries,26.39,1,Budget Conscious
U01824,40.329690460007676,Female,48438.15,22.71,4,7.07,79.95,159.5,Groceries,24.48,5,Budget Conscious
U01825,24.224013099085333,Female,58794.86,33.0,0,4.06,8.79,93.56,Beauty,6.34,2,Window Shopper
U01826,34.630406909338404,Male,57989.68,30.91,11,6.71,46.08,124.36,Fashion,52.63,11,Impulsive Buyer
U01827,39.328345978889516,Male,45656.23,22.17,2,10.83,68.64,115.06,Home,3.13,2,Budget Conscious
U01828,18.504595606049314,Female,47793.62,18.08,3,12.11,71.62,109.5,Groceries,35.87,2,Budget Conscious
U01829,27.789258871880914,Male,31580.42,14.05,11,4.46,53.23,92.29,Fashion,82.12,20,Emotional Buyer
U01830,46.422592495020226,Female,60066.41,18.77,5,8.71,59.9,135.06,Groceries,21.72,2,Budget Conscious
U01831,40.576530537237936,Non-binary,47816.54,10.07,5,13.37,65.86,117.31,Home,16.87,3,Budget Conscious
U01832,36.33298056509729,Female,69312.09,29.43,9,4.12,62.0,211.72,Fashion,98.17,11,Emotional Buyer
U01833,44.18245746033813,Male,56139.08,29.56,1,8.02,89.22,61.71,Home,33.29,8,Budget Conscious
U01834,27.30563251697421,Male,57098.6,34.73,10,2.52,42.34,200.27,Fashion,59.99,12,Budget Conscious
U01835,33.66466631263019,Female,149824.1,16.66,3,6.28,19.85,507.25,Electronics,22.89,5,Luxury Shopper
U01836,33.69365144241391,Female,30968.33,32.74,10,5.69,14.48,170.8,Fashion,64.81,13,Impulsive Buyer
U01837,22.833816204651345,Female,50154.48,19.67,8,4.18,22.07,244.72,Fashion,48.5,12,Impulsive Buyer
U01838,30.777209113246975,Male,43043.27,20.35,5,10.9,81.59,129.62,Groceries,17.7,2,Budget Conscious
U01839,24.738673203207853,Male,66731.84,39.63,2,1.15,38.98,87.05,Fashion,47.28,3,Window Shopper
U01840,25.89891261063521,Male,48673.25,29.57,0,0.59,3.46,62.67,Fashion,28.22,3,Window Shopper
U01841,24.564743623221016,Male,54131.31,38.03,15,4.49,56.67,169.47,Electronics,87.06,15,Impulsive Buyer
U01842,18.0,Male,38827.31,16.3,3,11.86,96.07,175.2,Groceries,14.97,1,Budget Conscious
U01843,24.180761884228733,Male,55861.02,32.69,8,8.68,100.0,115.26,Electronics,70.54,12,Luxury Shopper
U01844,18.33831751165597,Male,58708.33,31.88,9,1.64,65.38,244.52,Beauty,61.25,5,Emotional Buyer
U01845,31.508137500346848,Male,57054.9,25.34,2,4.95,57.93,183.03,Fashion,69.38,12,Impulsive Buyer
U01846,20.840805450332027,Female,29602.2,26.47,3,6.11,72.07,95.7,Groceries,15.88,2,Budget Conscious
U01847,31.19350889077306,Male,125640.03,17.7,8,5.81,14.01,465.51,Electronics,30.7,0,Luxury Shopper
U01848,31.68174492683503,Female,54216.75,34.77,3,1.17,47.33,74.9,Fashion,27.82,2,Window Shopper
U01849,23.270281899320327,Female,49044.15,20.95,0,11.25,84.29,129.2,Groceries,26.97,2,Budget Conscious
U01850,26.732786774201905,Male,57725.69,39.2,1,2.64,63.11,109.64,Fashion,17.21,2,Window Shopper
U01851,51.43013311594579,Female,95433.64,16.2,8,7.14,2.7,370.18,Luxury,29.32,0,Luxury Shopper
U01852,32.08848507794963,Female,51036.63,22.35,5,4.92,38.62,259.75,Fashion,85.64,4,Emotional Buyer
U01853,40.966596440739934,Female,58516.92,19.97,2,2.81,79.5,135.97,Home,17.98,3,Budget Conscious
U01854,18.0,Male,66752.83,49.42,0,4.07,3.74,105.21,Fashion,13.87,2,Window Shopper
U01855,24.493170516232524,Male,53132.59,29.31,4,6.94,32.88,325.02,Beauty,63.15,13,Emotional Buyer
U01856,18.0,Female,84816.44,23.96,5,3.35,44.49,258.8,Fashion,98.08,10,Emotional Buyer
U01857,55.15995417945888,Female,143002.51,18.68,5,9.35,5.49,264.38,Luxury,23.17,3,Luxury Shopper
U01858,36.37090693384176,Male,104670.06,15.04,1,13.12,12.6,339.8,Luxury,33.32,6,Luxury Shopper
U01859,47.56935717872091,Non-binary,132675.36,11.15,3,10.93,9.51,476.85,Luxury,44.77,8,Luxury Shopper
U01860,40.909261643185474,Female,98674.23,19.57,1,11.64,12.21,503.37,Luxury,22.46,3,Luxury Shopper
U01861,48.46365424434059,Non-binary,45683.0,18.34,2,10.49,89.39,107.14,Groceries,29.96,2,Budget Conscious
U01862,43.90733790067123,Male,44516.8,41.13,9,4.2,47.85,195.15,Beauty,97.02,14,Emotional Buyer
U01863,44.076945864522514,Female,47820.84,26.18,5,4.07,45.56,179.15,Fashion,93.76,7,Emotional Buyer
U01864,41.71065573449578,Male,51427.65,23.06,4,6.63,82.67,129.33,Groceries,13.97,4,Budget Conscious
U01865,19.910414209585362,Male,65541.32,55.52,6,1.42,23.05,84.91,Fashion,33.39,4,Window Shopper
U01866,31.29356662778762,Male,74067.0,39.1,4,7.7,46.78,298.88,Beauty,94.8,10,Emotional Buyer
U01867,25.311667882304267,Female,42065.53,18.92,6,3.23,56.97,199.64,Fashion,87.54,9,Emotional Buyer
U01868,28.94498445687432,Male,62803.55,14.75,4,2.73,50.74,229.74,Electronics,71.92,12,Impulsive Buyer
U01869,28.551751936556663,Male,50132.45,28.23,4,11.31,86.84,160.93,Groceries,17.26,6,Budget Conscious
U01870,28.44899796591606,Male,54558.52,28.68,9,3.53,21.59,201.67,Fashion,86.48,4,Emotional Buyer
U01871,42.02963293009085,Non-binary,157500.65,5.2,8,9.71,0.0,493.1,Electronics,12.23,1,Luxury Shopper
U01872,25.408210549688086,Male,31240.95,20.29,3,11.16,81.88,75.44,Groceries,34.77,4,Budget Conscious
U01873,24.069939203138123,Male,55882.22,32.39,6,3.01,49.08,272.95,Beauty,64.98,3,Emotional Buyer
U01874,28.05158473604671,Male,61468.23,25.39,8,2.96,53.12,278.44,Beauty,86.7,16,Emotional Buyer
U01875,34.46761796792151,Female,54178.98,24.22,5,3.12,41.58,168.88,Fashion,78.04,8,Emotional Buyer
U01876,27.88151357586255,Female,77391.15,59.53,0,0.96,45.03,49.15,Fashion,18.42,3,Window Shopper
U01877,57.54104942760526,Female,87596.21,24.18,10,9.18,25.09,520.71,Luxury,4.88,3,Luxury Shopper
U01878,52.910703157290286,Male,122471.4,33.72,7,15.34,24.79,416.03,Luxury,16.96,4,Luxury Shopper
U01879,47.114598619815524,Female,28663.63,20.04,2,12.66,64.72,98.8,Groceries,20.89,4,Budget Conscious
U01880,21.93821760719689,Male,40422.21,27.36,6,10.21,99.52,97.03,Groceries,0.0,5,Budget Conscious
U01881,55.55846429394708,Female,39924.62,17.14,9,10.15,81.97,113.25,Home,12.37,2,Budget Conscious
U01882,26.653007352726856,Female,49629.63,43.63,3,1.24,32.36,39.46,Beauty,16.98,1,Window Shopper
U01883,49.58659603255992,Male,51660.9,21.39,7,8.72,66.49,122.89,Home,12.4,3,Budget Conscious
U01884,19.777929876502018,Female,89083.45,40.66,1,2.6,40.8,138.52,Fashion,26.63,6,Window Shopper
U01885,36.23166664743214,Male,84975.07,18.75,4,5.91,9.86,354.83,Luxury,5.93,3,Luxury Shopper
U01886,41.72469119630009,Female,125740.12,25.54,5,7.76,23.8,492.53,Luxury,26.06,6,Luxury Shopper
U01887,36.04500800077208,Male,35101.88,34.5,7,5.55,45.16,198.53,Fashion,78.76,11,Impulsive Buyer
U01888,42.1479332283557,Female,43379.57,34.02,5,4.38,18.73,189.93,Fashion,82.96,20,Impulsive Buyer
U01889,47.9344202193001,Non-binary,58525.91,33.58,2,4.71,36.66,131.15,Beauty,58.31,11,Emotional Buyer
U01890,57.87909324340338,Male,36177.75,20.69,2,8.6,81.18,80.62,Groceries,25.93,4,Budget Conscious
U01891,44.728062196040675,Female,106804.42,27.84,2,8.41,11.68,447.05,Luxury,22.81,2,Luxury Shopper
U01892,41.240191250891975,Female,66723.2,36.98,3,3.77,32.05,102.21,Fashion,45.92,2,Window Shopper
U01893,41.761784445552344,Female,49864.58,25.16,3,6.12,76.62,104.57,Home,19.85,2,Budget Conscious
U01894,20.34380366385097,Male,72370.07,44.4,12,3.14,44.62,249.01,Fashion,63.2,8,Impulsive Buyer
U01895,42.67263317573778,Male,150467.77,6.14,5,10.28,3.27,560.32,Luxury,15.09,3,Luxury Shopper
U01896,23.165803406188267,Female,69106.97,36.92,2,7.92,22.35,211.31,Fashion,63.56,10,Impulsive Buyer
U01897,32.359839970957935,Female,47069.5,49.16,1,2.67,19.54,109.21,Fashion,19.12,2,Window Shopper
U01898,31.214901960896416,Male,109899.67,22.66,8,5.74,0.0,501.98,Luxury,39.2,5,Luxury Shopper
U01899,18.0,Male,48532.87,42.74,13,7.57,8.58,236.96,Electronics,70.54,14,Impulsive Buyer
U01900,45.734790295689194,Male,51309.55,30.08,6,5.51,23.11,179.44,Electronics,67.98,10,Impulsive Buyer
U01901,32.378877036894664,Male,36639.74,15.98,7,7.41,71.63,168.05,Groceries,23.39,1,Budget Conscious
U01902,30.836687793575027,Male,49077.37,40.0,15,4.37,43.9,176.86,Electronics,67.83,8,Impulsive Buyer
U01903,27.776435219605844,Non-binary,61720.83,34.18,12,4.61,35.81,208.1,Fashion,72.75,4,Emotional Buyer
U01904,32.98216835006195,Female,50905.03,22.7,8,4.28,33.22,272.45,Fashion,90.37,6,Impulsive Buyer
U01905,39.97401820641981,Female,41255.36,12.8,7,8.4,75.86,151.88,Groceries,7.94,3,Budget Conscious
U01906,42.62817475353413,Female,42048.22,28.08,5,7.78,66.17,65.78,Groceries,17.69,4,Budget Conscious
U01907,31.070196399631786,Male,49090.59,33.62,4,5.49,74.15,98.41,Groceries,10.93,4,Budget Conscious
U01908,20.16874050126114,Female,57461.7,26.32,8,7.42,28.81,223.01,Electronics,84.15,10,Impulsive Buyer
U01909,27.404249744286446,Non-binary,72610.21,52.62,1,3.53,13.68,81.75,Beauty,26.19,2,Window Shopper
U01910,42.009559012735885,Male,61579.58,18.47,6,2.85,36.06,155.3,Beauty,87.21,14,Emotional Buyer
U01911,27.975979690339802,Male,89484.88,14.2,6,6.25,31.35,229.23,Fashion,56.25,12,Impulsive Buyer
U01912,30.06167151723692,Male,55495.29,22.39,6,1.18,4.63,214.41,Fashion,87.92,14,Impulsive Buyer
U01913,34.71695654980665,Female,73464.5,31.6,7,6.55,86.72,172.76,Beauty,97.05,10,Emotional Buyer
U01914,25.159728356376114,Male,52077.81,15.69,3,6.46,72.86,124.28,Groceries,40.89,1,Budget Conscious
U01915,26.786051660923313,Female,56459.05,33.44,8,9.34,17.42,196.33,Fashion,68.13,12,Impulsive Buyer
U01916,38.90972898164449,Male,35763.65,35.72,6,4.87,19.16,121.81,Electronics,55.48,11,Impulsive Buyer
U01917,30.6340655604967,Non-binary,73084.88,55.86,1,3.57,21.89,107.67,Fashion,32.6,5,Window Shopper
U01918,25.913885492260068,Male,62675.55,57.62,2,4.73,26.75,134.23,Fashion,36.95,4,Luxury Shopper
U01919,32.43355275476065,Male,48000.57,23.0,2,1.84,81.71,170.45,Home,33.42,4,Budget Conscious
U01920,18.783377105169947,Female,67528.74,27.86,4,0.5,53.86,186.67,Fashion,72.28,2,Budget Conscious
U01921,29.10133538141824,Male,68292.02,18.35,2,7.96,77.64,88.17,Groceries,23.45,0,Budget Conscious
U01922,34.714858988005645,Male,145254.64,19.3,8,9.45,11.36,587.78,Luxury,24.73,7,Luxury Shopper
U01923,45.85905338962323,Male,50043.31,24.88,4,9.38,100.0,100.97,Groceries,36.14,4,Budget Conscious
U01924,47.5168133591728,Female,113063.35,33.56,6,9.33,17.84,424.94,Luxury,23.73,4,Luxury Shopper
U01925,49.590872297562036,Female,111390.01,16.79,9,9.86,26.63,569.52,Electronics,43.14,6,Luxury Shopper
U01926,45.736821104136155,Male,46803.03,23.12,4,5.42,11.49,185.43,Electronics,57.0,11,Impulsive Buyer
U01927,39.715469698849084,Female,117140.57,19.39,5,9.71,5.13,623.44,Luxury,37.27,5,Luxury Shopper
U01928,18.0,Male,57241.61,44.19,4,2.45,17.36,58.23,Beauty,53.35,2,Window Shopper
U01929,21.246725812939673,Male,62921.77,26.7,2,7.92,21.61,182.03,Fashion,88.93,13,Impulsive Buyer
U01930,27.592628270944573,Male,43327.3,19.22,3,3.64,79.36,131.89,Groceries,21.75,4,Budget Conscious
U01931,37.944309555677464,Female,71422.87,57.7,0,2.36,27.85,82.22,Beauty,20.65,2,Window Shopper
U01932,36.36303955926497,Non-binary,44688.53,35.62,2,9.56,81.98,61.57,Home,19.28,2,Budget Conscious
U01933,34.82000632522898,Female,82846.3,37.7,0,2.89,30.42,63.97,Beauty,0.3,3,Window Shopper
U01934,31.67107020597065,Male,39129.09,25.27,9,2.45,65.0,266.69,Beauty,63.7,9,Emotional Buyer
U01935,18.0,Male,34985.18,36.5,3,1.46,17.26,97.77,Beauty,22.61,2,Window Shopper
U01936,20.954509473297662,Female,63969.12,31.69,9,5.67,18.88,220.26,Electronics,71.74,9,Impulsive Buyer
U01937,44.83281185190059,Female,66766.06,18.22,5,8.17,70.12,131.67,Groceries,10.85,5,Budget Conscious
U01938,45.99838626495311,Female,48740.03,30.39,6,5.92,93.52,111.13,Home,19.9,1,Budget Conscious
U01939,44.094615211987026,Male,127228.95,16.32,6,12.55,16.36,456.23,Luxury,26.34,4,Luxury Shopper
U01940,23.141653900963906,Male,18000.0,47.12,7,6.27,42.48,144.28,Fashion,64.82,13,Impulsive Buyer
U01941,51.169201834461965,Female,123609.26,36.56,2,7.78,17.88,536.96,Electronics,20.66,7,Luxury Shopper
U01942,37.57014791833174,Female,52383.61,30.8,5,7.27,58.87,130.08,Home,3.34,1,Budget Conscious
U01943,37.4063554565896,Male,25400.24,22.25,2,11.67,84.13,71.17,Groceries,26.5,4,Budget Conscious
U01944,39.62155331541103,Female,73008.82,45.43,1,4.04,45.03,198.26,Fashion,86.81,10,Impulsive Buyer
U01945,32.61727652574336,Male,70973.18,22.02,2,2.06,41.62,273.91,Beauty,89.06,12,Emotional Buyer
U01946,47.36902531275558,Non-binary,52524.22,30.03,10,3.97,34.8,363.49,Beauty,73.51,5,Emotional Buyer
U01947,38.13247169924069,Male,84030.68,16.97,10,2.49,8.83,253.66,Electronics,63.41,20,Impulsive Buyer
U01948,38.463366325769215,Male,62358.27,35.47,8,3.11,38.34,170.52,Fashion,88.03,12,Emotional Buyer
U01949,26.53530960982108,Male,22855.27,29.68,6,4.95,20.72,150.04,Electronics,100.0,9,Impulsive Buyer
U01950,35.24383113420114,Male,65833.53,30.93,8,4.09,51.46,294.81,Beauty,87.59,13,Emotional Buyer
U01951,39.51763900094858,Female,80858.19,16.07,9,4.99,23.06,279.05,Beauty,98.62,11,Emotional Buyer
U01952,26.96574298125821,Female,79990.84,20.0,10,7.97,64.8,106.03,Electronics,62.46,11,Impulsive Buyer
U01953,28.747593882386678,Male,65713.82,44.11,0,5.82,14.35,98.8,Fashion,30.76,0,Window Shopper
U01954,31.519764893974624,Female,61756.62,26.49,9,6.95,44.87,156.36,Beauty,91.2,6,Emotional Buyer
U01955,42.1899214992398,Male,50715.07,23.45,2,4.48,66.29,232.86,Beauty,67.12,3,Emotional Buyer
U01956,32.068006278394975,Male,46578.26,14.76,4,4.39,20.49,207.58,Beauty,74.1,9,Emotional Buyer
U01957,24.958834383516024,Non-binary,39727.75,12.01,3,6.6,80.25,132.62,Groceries,20.29,2,Budget Conscious
U01958,21.596831050082056,Female,18000.0,32.23,4,4.27,17.39,203.48,Electronics,48.67,9,Impulsive Buyer
U01959,41.79559072353658,Male,52709.78,27.95,10,4.26,31.64,221.03,Beauty,74.28,5,Emotional Buyer
U01960,45.08728941822758,Male,45948.84,20.98,5,10.49,78.71,149.22,Groceries,22.43,3,Budget Conscious
U01961,48.185800208398945,Female,45233.53,13.28,2,9.38,79.9,105.84,Groceries,1.25,4,Budget Conscious
U01962,18.42632747465948,Male,43286.92,32.97,3,6.73,88.45,157.08,Groceries,21.5,2,Budget Conscious
U01963,48.24410278828907,Male,45458.24,11.29,6,11.86,97.43,168.12,Home,6.51,4,Budget Conscious
U01964,34.53241225907393,Non-binary,60025.23,36.32,4,3.54,56.15,184.95,Fashion,76.53,6,Impulsive Buyer
U01965,32.07166474776995,Male,55151.5,36.48,3,1.41,21.23,66.4,Fashion,18.38,2,Window Shopper
U01966,22.869727781687914,Female,53219.44,29.22,7,7.01,22.41,127.31,Electronics,69.07,6,Impulsive Buyer
U01967,25.578224873624357,Male,58884.15,39.87,1,2.52,22.5,83.18,Fashion,29.31,2,Window Shopper
U01968,42.16558368584522,Male,63839.78,26.32,4,6.17,59.33,300.27,Beauty,75.65,10,Emotional Buyer
U01969,32.70143964140834,Female,38575.18,21.76,7,8.98,79.83,101.81,Home,24.37,3,Budget Conscious
U01970,39.149448939751835,Female,51421.71,16.87,3,8.39,94.91,167.08,Groceries,15.23,3,Budget Conscious
U01971,27.122495160956163,Female,134044.35,16.19,4,9.78,5.41,372.42,Luxury,33.19,3,Luxury Shopper
U01972,41.10680980093399,Female,38661.53,38.08,7,7.14,44.04,208.79,Fashion,74.53,7,Emotional Buyer
U01973,41.504211984273134,Male,71373.24,51.77,0,4.45,15.97,70.96,Beauty,11.33,2,Window Shopper
U01974,39.57859199643197,Female,126342.54,22.1,5,6.71,23.92,539.24,Luxury,19.48,3,Luxury Shopper
U01975,27.964785539430657,Male,18269.53,28.34,4,4.38,48.95,222.7,Electronics,62.64,9,Impulsive Buyer
U01976,56.70094662425546,Female,133426.37,20.76,9,6.33,12.16,556.18,Electronics,12.1,5,Luxury Shopper
U01977,36.6012897577635,Male,41519.84,11.17,1,15.39,91.06,87.92,Groceries,5.04,2,Budget Conscious
U01978,25.772273314828738,Female,67274.94,36.08,4,4.08,33.66,288.18,Fashion,83.35,5,Emotional Buyer
U01979,46.43684095649557,Male,32894.59,58.83,0,0.2,27.02,106.49,Beauty,39.84,3,Window Shopper
U01980,39.26334848675068,Female,109579.79,22.25,3,13.26,34.95,414.54,Luxury,31.14,4,Luxury Shopper
U01981,28.070715490513408,Male,56977.84,14.77,10,3.07,50.44,256.09,Fashion,83.26,12,Emotional Buyer
U01982,31.459958843145508,Female,123970.02,20.15,1,5.52,14.6,526.67,Electronics,38.1,3,Luxury Shopper
U01983,37.750057096373396,Female,34360.68,21.25,6,4.48,31.47,276.74,Fashion,97.86,12,Emotional Buyer
U01984,44.09910761248572,Male,153382.33,15.29,6,9.55,1.54,515.3,Luxury,33.37,2,Emotional Buyer
U01985,33.562543714188735,Male,56178.25,27.11,4,11.89,96.23,132.52,Groceries,15.82,3,Budget Conscious
U01986,40.131763495413,Male,70127.51,17.7,7,5.42,39.5,132.13,Beauty,84.06,14,Emotional Buyer
U01987,49.63441779740716,Female,97634.0,2.2,4,9.38,23.4,475.65,Electronics,49.64,3,Luxury Shopper
U01988,27.034397142580485,Female,69083.41,51.25,2,1.36,39.2,75.16,Beauty,32.4,5,Window Shopper
U01989,32.9927560393978,Male,21009.55,9.72,7,2.52,33.59,191.42,Fashion,100.0,9,Emotional Buyer
U01990,33.905943107924436,Male,72850.69,27.76,5,2.5,35.6,97.51,Fashion,96.48,11,Impulsive Buyer
U01991,27.437155973913057,Female,62958.08,36.95,7,4.31,33.14,281.6,Fashion,82.39,10,Impulsive Buyer
U01992,24.46815840517295,Male,80945.88,38.72,2,2.71,12.84,43.12,Fashion,22.24,1,Window Shopper
U01993,23.82580951411649,Male,128389.37,20.83,6,9.76,34.18,546.12,Luxury,39.62,6,Luxury Shopper
U01994,25.830870202134655,Male,61107.01,32.69,6,5.12,38.28,187.31,Fashion,79.3,5,Impulsive Buyer
U01995,32.1843626687545,Female,43262.79,25.1,2,3.96,76.29,113.81,Groceries,25.52,2,Budget Conscious
U01996,23.90446248980345,Female,41890.39,44.6,4,2.09,41.05,54.01,Beauty,46.13,2,Window Shopper
U01997,43.214329430014416,Female,129789.87,13.51,6,5.39,9.72,527.77,Luxury,44.61,7,Luxury Shopper
U01998,37.064362263075246,Male,148862.87,24.16,8,10.64,11.86,496.07,Electronics,22.23,2,Emotional Buyer
U01999,32.532155249903106,Female,63090.36,23.46,7,5.64,38.77,270.73,Beauty,82.91,9,Emotional Buyer
U02000,27.13483128046535,Male,49208.24,15.55,3,7.93,74.84,150.08,Groceries,15.82,1,Budget Conscious
U02001,32.97741869532647,Male,67434.91,33.18,10,4.71,58.02,172.21,Fashion,82.58,10,Emotional Buyer
U02002,37.894951031346196,Male,50594.03,25.28,6,15.48,92.0,79.3,Home,11.03,3,Budget Conscious
U02003,29.550781139233532,Female,27740.89,24.42,5,5.5,25.49,132.62,Fashion,85.07,9,Emotional Buyer
U02004,24.760734333006074,Female,45422.46,49.73,1,3.77,52.81,76.21,Beauty,9.14,4,Window Shopper
U02005,28.9822570186969,Male,60500.06,43.51,7,2.83,37.85,76.13,Electronics,73.9,9,Impulsive Buyer
U02006,29.535998880251345,Male,68346.32,20.06,4,4.03,52.59,220.0,Beauty,81.5,14,Emotional Buyer
U02007,30.38465844434388,Male,42669.46,7.13,2,7.89,77.97,122.49,Groceries,11.53,2,Budget Conscious
U02008,39.05378220360393,Female,52118.68,13.63,13,2.1,24.11,187.38,Electronics,61.71,15,Impulsive Buyer
U02009,40.123229064454435,Male,33376.67,32.87,9,6.04,13.58,193.26,Electronics,79.11,12,Impulsive Buyer
U02010,18.80564154064978,Female,84961.97,42.98,2,2.26,36.1,114.35,Fashion,23.15,4,Window Shopper
U02011,30.94831006351044,Female,67793.36,38.71,9,6.42,52.27,153.23,Fashion,40.48,13,Impulsive Buyer
U02012,27.175809595946916,Female,131147.48,20.8,1,7.65,17.73,570.67,Luxury,18.19,7,Luxury Shopper
U02013,38.51275126863274,Male,74755.19,45.43,6,5.86,55.42,147.75,Fashion,64.43,14,Impulsive Buyer
U02014,22.87439403074928,Female,45530.14,18.98,0,9.32,80.48,114.06,Groceries,12.24,1,Budget Conscious
U02015,24.935354303414268,Female,21967.66,26.78,1,11.87,100.0,95.15,Groceries,9.05,2,Budget Conscious
U02016,25.05736817574023,Male,49975.85,14.86,4,10.52,67.9,143.81,Groceries,1.36,3,Budget Conscious
U02017,43.490787634581636,Male,124162.88,25.58,6,7.84,30.99,560.99,Luxury,6.11,4,Luxury Shopper
U02018,28.919196938091137,Female,69510.8,16.44,5,8.61,24.49,200.39,Fashion,72.45,16,Impulsive Buyer
U02019,30.67843692316475,Female,37063.03,20.94,4,10.45,98.08,58.94,Home,21.37,2,Budget Conscious
U02020,37.699485527287145,Male,131597.44,23.21,4,9.1,8.52,430.06,Luxury,24.21,6,Luxury Shopper
U02021,30.04596625102443,Female,38716.79,40.81,0,2.36,50.76,50.18,Fashion,23.34,2,Window Shopper
U02022,20.86355923837647,Female,24023.84,28.76,9,6.8,34.73,186.58,Fashion,89.76,18,Impulsive Buyer
U02023,33.129977952271226,Male,36493.45,24.95,6,8.04,27.32,99.98,Fashion,73.4,9,Impulsive Buyer
U02024,39.95795799933482,Female,108999.06,2.0,6,11.04,16.5,446.31,Luxury,27.22,2,Luxury Shopper
U02025,38.30900004492384,Male,45253.7,21.89,1,10.51,76.59,114.36,Home,4.43,3,Budget Conscious
U02026,38.7724410206862,Female,116638.18,21.39,1,10.29,10.23,300.59,Luxury,27.67,6,Impulsive Buyer
U02027,46.365887518356345,Female,50631.02,22.52,10,2.08,37.73,187.67,Fashion,77.91,9,Emotional Buyer
U02028,32.148369306258935,Female,95408.46,18.14,5,8.45,33.23,518.25,Luxury,7.64,3,Luxury Shopper
U02029,27.62727300681089,Female,44563.65,27.37,4,10.16,96.33,121.06,Groceries,19.64,4,Budget Conscious
U02030,43.71527438415496,Female,55599.24,22.98,4,6.69,84.89,113.13,Groceries,30.68,3,Budget Conscious
U02031,30.927960398217515,Female,44324.34,33.77,10,4.1,11.15,277.52,Fashion,82.73,9,Impulsive Buyer
U02032,31.238003394941703,Male,62958.75,33.8,2,9.62,90.55,120.6,Home,8.36,3,Budget Conscious
U02033,30.268008274681485,Male,148414.09,17.94,5,5.41,1.63,580.67,Luxury,23.47,0,Luxury Shopper
U02034,32.92386075291701,Female,37293.9,15.37,1,8.26,82.72,95.97,Groceries,16.65,4,Budget Conscious
U02035,19.878851977603667,Male,26727.47,39.26,7,3.06,0.0,194.87,Fashion,69.35,15,Impulsive Buyer
U02036,41.99655272229335,Male,65352.59,38.1,2,2.99,29.28,130.14,Fashion,33.99,3,Window Shopper
U02037,28.91923182425448,Male,58036.85,25.43,12,4.05,56.55,186.37,Beauty,72.48,3,Emotional Buyer
U02038,25.87218046836081,Female,50868.14,30.15,10,3.97,32.85,131.56,Fashion,80.8,9,Impulsive Buyer
U02039,36.03762511392364,Female,32792.98,36.87,7,7.6,78.27,118.31,Groceries,15.94,4,Budget Conscious
U02040,41.13970713390489,Female,75532.46,38.82,1,2.64,30.15,122.66,Fashion,10.31,3,Window Shopper
U02041,34.48371880408677,Female,128590.43,21.25,9,6.0,16.3,437.4,Electronics,32.73,5,Luxury Shopper
U02042,32.606049607383135,Female,70210.36,66.72,1,3.92,38.52,66.32,Beauty,35.43,2,Window Shopper
U02043,19.26101019890842,Male,70362.57,59.63,3,2.88,28.84,128.76,Fashion,50.99,4,Window Shopper
U02044,34.954292102375575,Male,68727.52,31.95,6,4.92,31.6,217.25,Fashion,68.47,9,Emotional Buyer
U02045,31.784917825101317,Female,62035.35,26.95,6,0.93,54.21,328.99,Beauty,66.84,1,Emotional Buyer
U02046,29.264064734414113,Female,57225.83,33.39,3,6.22,34.35,145.81,Electronics,48.21,15,Impulsive Buyer
U02047,46.695459327473756,Female,40793.99,12.59,6,13.72,61.42,102.28,Home,22.95,4,Budget Conscious
U02048,25.10144466944548,Male,49522.0,18.61,3,9.13,78.8,62.63,Groceries,21.5,3,Budget Conscious
U02049,24.49437194718798,Male,28640.17,7.44,5,6.26,1.45,243.21,Fashion,72.9,13,Window Shopper
U02050,46.23578584722577,Female,102913.92,22.18,9,10.12,9.91,467.95,Electronics,16.88,4,Luxury Shopper
U02051,22.178051234054557,Male,55114.0,33.96,8,2.3,60.56,146.65,Beauty,74.3,7,Emotional Buyer
U02052,40.2430097924192,Non-binary,64549.93,22.19,5,5.51,38.48,144.35,Fashion,68.19,20,Impulsive Buyer
U02053,50.5479369427976,Male,30373.84,20.98,1,12.25,82.74,75.6,Groceries,22.18,3,Budget Conscious
U02054,22.989679488177856,Male,51482.74,23.02,7,6.92,45.93,222.05,Fashion,85.97,12,Emotional Buyer
U02055,41.758250240826314,Male,122464.06,13.92,2,5.5,1.2,458.97,Electronics,28.12,1,Luxury Shopper
U02056,45.912427811446896,Female,39002.09,16.54,1,9.76,71.88,112.27,Groceries,17.92,1,Budget Conscious
U02057,28.0403642422505,Female,78744.05,23.03,8,4.57,51.56,270.85,Beauty,59.26,10,Emotional Buyer
U02058,33.243378552885524,Male,46923.72,26.83,3,7.83,57.93,70.62,Groceries,33.91,4,Budget Conscious
U02059,32.435608423341584,Female,56211.05,23.68,5,5.1,66.5,205.08,Fashion,80.31,16,Impulsive Buyer
U02060,37.21798808457694,Male,45024.29,41.13,2,6.41,41.36,140.12,Electronics,71.01,19,Budget Conscious
U02061,18.0,Female,59960.87,24.83,4,5.06,41.59,126.9,Beauty,83.11,7,Emotional Buyer
U02062,38.483293765106716,Female,143074.74,8.38,6,7.01,24.87,416.92,Luxury,30.45,4,Luxury Shopper
U02063,45.23091761347845,Female,34558.15,25.91,5,5.76,71.88,137.52,Home,17.05,2,Impulsive Buyer
U02064,31.770131339241182,Non-binary,57623.54,20.15,6,6.73,29.5,192.14,Electronics,73.83,12,Impulsive Buyer
U02065,31.026644010121835,Female,37963.75,21.28,4,14.83,91.62,140.69,Home,3.98,6,Budget Conscious
U02066,44.885311355708176,Female,42497.72,23.09,8,0.77,54.21,311.56,Beauty,87.65,12,Emotional Buyer
U02067,36.649268789175885,Female,28423.76,31.64,4,9.47,88.04,153.71,Groceries,0.0,4,Budget Conscious
U02068,31.314817426067087,Male,45305.84,19.85,4,6.02,40.67,217.05,Beauty,77.11,10,Emotional Buyer
U02069,34.87300170911079,Non-binary,136608.87,18.29,2,14.24,20.73,497.04,Luxury,37.64,4,Luxury Shopper
U02070,29.171049521669886,Female,34853.81,14.22,0,3.68,73.49,90.63,Groceries,30.82,5,Budget Conscious
U02071,29.471041349530868,Male,40946.6,28.45,10,3.16,24.68,212.89,Beauty,83.42,3,Window Shopper
U02072,43.66160742621335,Female,50390.91,19.63,2,10.58,97.5,109.37,Home,27.42,3,Budget Conscious
U02073,40.57677766753841,Male,101768.21,13.99,6,8.63,15.03,406.83,Luxury,41.06,3,Luxury Shopper
U02074,42.16764235857796,Female,53833.84,24.08,5,4.36,30.89,285.83,Beauty,71.32,15,Emotional Buyer
U02075,46.49415210004538,Male,61852.64,14.52,0,11.05,21.29,402.58,Luxury,24.59,6,Luxury Shopper
U02076,31.834454370596116,Male,37632.87,23.67,6,9.85,78.58,177.73,Groceries,23.21,1,Budget Conscious
U02077,29.026642191773004,Male,84980.76,2.0,6,4.97,30.53,230.99,Beauty,86.65,5,Emotional Buyer
U02078,30.20812328372792,Female,26554.13,31.64,8,5.87,4.71,126.22,Electronics,64.73,9,Impulsive Buyer
U02079,47.77041506428729,Male,128621.03,10.01,3,7.61,16.6,378.52,Luxury,27.35,0,Luxury Shopper
U02080,23.77613573204923,Non-binary,53147.42,35.02,10,5.23,48.87,161.69,Electronics,57.23,9,Luxury Shopper
U02081,35.656726569378215,Female,108983.07,9.42,3,6.22,11.79,512.58,Electronics,23.22,4,Luxury Shopper
U02082,27.450167649801198,Male,52456.06,20.53,10,2.53,37.87,193.82,Electronics,58.8,11,Impulsive Buyer
U02083,18.0,Male,63261.57,30.71,0,3.29,26.28,16.7,Beauty,17.85,2,Window Shopper
U02084,32.057220647811846,Female,54342.55,34.92,12,2.56,42.31,216.03,Electronics,67.68,18,Impulsive Buyer
U02085,33.18335647656236,Male,72588.47,44.77,3,6.3,31.71,75.3,Fashion,8.27,2,Window Shopper
U02086,21.535585792305746,Female,126649.74,19.55,6,9.66,15.99,477.64,Luxury,30.05,3,Luxury Shopper
U02087,32.74819615827121,Male,136724.54,18.92,11,7.45,6.05,451.51,Luxury,29.21,7,Luxury Shopper
U02088,42.25262569257353,Female,142047.09,18.89,1,10.63,27.06,487.18,Luxury,33.96,3,Luxury Shopper
U02089,36.62981988499968,Female,54413.48,29.7,2,2.94,32.42,97.34,Fashion,17.83,2,Window Shopper
U02090,34.62273332737498,Male,40701.63,26.51,3,7.43,83.05,136.26,Groceries,28.52,3,Budget Conscious
U02091,36.1672725782633,Male,144985.91,14.9,2,8.82,10.01,436.92,Luxury,0.08,6,Luxury Shopper
U02092,35.802199520469486,Male,58075.38,31.39,3,4.49,47.0,236.75,Beauty,88.02,6,Emotional Buyer
U02093,42.23979176682916,Non-binary,63285.46,22.39,11,11.94,67.16,106.17,Groceries,22.96,2,Budget Conscious
U02094,37.1309297239398,Female,141496.05,12.17,2,15.26,28.8,558.49,Luxury,24.08,5,Luxury Shopper
U02095,28.195706572962138,Female,49400.66,34.67,7,6.96,55.32,92.62,Fashion,87.55,14,Emotional Buyer
U02096,49.69394088950714,Female,151173.33,18.29,3,7.56,20.11,464.12,Luxury,34.77,3,Luxury Shopper
U02097,18.57346263300688,Male,56978.1,30.68,8,3.22,64.34,114.99,Fashion,74.19,19,Window Shopper
U02098,47.42752750918704,Male,27292.62,19.51,8,3.18,74.98,71.32,Groceries,26.1,4,Budget Conscious
U02099,25.928165661300223,Male,52546.78,43.01,11,5.29,20.64,208.2,Fashion,66.23,14,Impulsive Buyer
U02100,44.59856012236037,Male,149764.27,8.34,5,7.52,6.31,537.99,Electronics,27.94,3,Luxury Shopper
U02101,30.21224974381869,Female,51209.31,58.03,1,3.86,16.17,44.03,Beauty,37.14,2,Window Shopper
U02102,25.452868427266704,Female,53127.48,29.81,9,6.48,0.0,240.57,Fashion,58.28,13,Impulsive Buyer
U02103,25.39640518385771,Male,56645.83,47.77,1,1.04,24.99,70.78,Beauty,24.42,3,Window Shopper
U02104,29.93816181949812,Male,59259.74,19.07,12,4.53,59.75,248.03,Fashion,68.54,13,Emotional Buyer
U02105,29.461371837275447,Female,34096.86,16.63,7,8.43,95.93,91.88,Groceries,13.01,3,Budget Conscious
U02106,37.31442735210049,Female,44127.47,24.29,3,5.44,15.93,71.3,Beauty,39.39,2,Window Shopper
U02107,30.982907983649042,Female,68547.93,38.87,3,4.02,22.36,110.91,Beauty,53.52,1,Window Shopper
U02108,38.10224054295555,Female,48291.21,31.23,8,5.01,32.33,245.85,Beauty,62.4,6,Emotional Buyer
U02109,47.17763916056028,Male,150607.09,17.91,5,7.01,11.91,437.08,Luxury,6.25,8,Luxury Shopper
U02110,33.74167576815316,Female,60231.07,31.05,10,1.79,14.67,122.23,Fashion,34.45,9,Impulsive Buyer
U02111,42.69259662619088,Male,51634.74,34.74,4,8.09,69.02,128.95,Groceries,23.11,3,Budget Conscious
U02112,25.897002892230784,Male,54220.98,22.76,4,11.94,61.08,167.37,Groceries,8.27,2,Budget Conscious
U02113,31.498853744950004,Male,64185.6,35.06,8,4.45,34.1,223.46,Fashion,66.85,3,Impulsive Buyer
U02114,18.0,Female,53396.82,15.5,5,14.78,83.89,109.16,Groceries,8.43,5,Budget Conscious
U02115,28.492998214465246,Female,52208.35,18.44,5,4.74,41.88,173.74,Fashion,92.62,17,Impulsive Buyer
U02116,24.637691082506052,Female,65942.96,21.31,7,4.76,24.9,295.75,Beauty,79.76,4,Emotional Buyer
U02117,30.648119115523887,Female,121987.51,2.0,5,10.31,18.0,532.85,Luxury,26.32,5,Luxury Shopper
U02118,31.623466629523527,Female,54194.28,25.94,14,4.4,26.68,131.42,Fashion,73.62,10,Impulsive Buyer
U02119,31.090443294103114,Male,59927.37,27.51,3,4.99,12.66,204.59,Fashion,81.89,11,Impulsive Buyer
U02120,36.121103901825755,Female,97670.33,25.76,4,9.08,9.15,543.14,Electronics,17.36,8,Luxury Shopper
U02121,27.101884308119075,Female,165831.15,15.26,6,6.63,8.97,590.77,Electronics,41.95,6,Luxury Shopper
U02122,18.0,Female,43089.04,32.62,4,4.46,29.24,206.74,Fashion,73.23,11,Impulsive Buyer
U02123,42.01397685700931,Male,127308.03,21.74,1,8.09,7.54,595.89,Electronics,26.09,4,Luxury Shopper
U02124,27.001778962235317,Male,66685.08,36.93,4,2.72,17.13,121.05,Fashion,71.51,11,Impulsive Buyer
U02125,29.227154782991082,Male,143829.07,19.8,5,12.03,25.0,505.96,Luxury,23.28,1,Luxury Shopper
U02126,49.38709092761632,Male,104498.83,21.19,8,12.16,16.6,552.03,Luxury,0.0,1,Luxury Shopper
U02127,45.6480006334003,Male,137610.52,24.96,5,5.55,44.74,585.86,Luxury,28.54,2,Emotional Buyer
U02128,50.43421975815525,Male,76698.2,11.06,1,6.61,24.12,343.16,Electronics,28.51,4,Luxury Shopper
U02129,37.71917050060318,Female,44194.43,29.81,9,4.74,35.08,314.19,Fashion,91.78,14,Impulsive Buyer
U02130,18.31316888250801,Male,54981.07,22.16,6,4.63,27.91,271.84,Fashion,93.9,14,Impulsive Buyer
U02131,29.150993758482834,Male,47401.5,40.66,5,2.09,29.27,73.06,Electronics,64.43,16,Impulsive Buyer
U02132,38.135611489252355,Female,36370.54,40.09,0,1.96,35.83,86.21,Beauty,17.69,3,Window Shopper
U02133,34.493567491379,Male,58428.4,10.63,4,5.98,30.24,216.98,Fashion,89.62,5,Emotional Buyer
U02134,18.106866829813782,Male,75498.27,42.34,3,3.83,47.84,221.75,Beauty,86.37,9,Emotional Buyer
U02135,27.027143390815354,Male,57356.73,15.17,5,8.42,86.45,110.93,Home,1.19,1,Budget Conscious
U02136,41.11210106308042,Female,48477.6,32.95,7,10.8,86.25,104.54,Groceries,19.19,2,Budget Conscious
U02137,36.64721761965553,Male,114530.61,18.57,4,13.15,3.11,423.45,Electronics,18.64,6,Luxury Shopper
U02138,18.0,Male,64911.42,35.73,0,0.2,18.61,82.04,Fashion,16.23,1,Window Shopper
U02139,31.50280625325252,Female,69692.93,49.65,2,5.82,47.64,148.51,Beauty,13.98,4,Window Shopper
U02140,39.1718342618751,Female,49377.98,31.1,5,4.62,73.81,201.39,Fashion,93.43,12,Emotional Buyer
U02141,28.41070365825317,Female,47111.16,28.67,5,4.32,53.69,106.58,Fashion,91.56,11,Window Shopper
U02142,33.62151517266012,Female,22218.45,17.8,2,15.38,66.02,122.71,Home,22.23,1,Budget Conscious
U02143,40.48277494652079,Non-binary,53611.9,51.83,1,0.2,35.53,83.15,Fashion,21.98,0,Window Shopper
U02144,31.358450036040672,Male,51257.5,40.96,3,3.25,26.2,102.05,Beauty,37.76,3,Window Shopper
U02145,31.84381226519452,Female,120562.26,22.78,5,7.58,29.9,324.13,Luxury,33.59,0,Luxury Shopper
U02146,33.74098710121249,Female,79188.15,25.04,5,4.27,45.45,282.14,Fashion,81.57,6,Emotional Buyer
U02147,39.355063914080006,Non-binary,48933.14,45.14,8,3.42,13.97,86.81,Fashion,100.0,7,Impulsive Buyer
U02148,32.62337580194827,Female,26227.58,28.11,8,2.84,51.0,274.24,Beauty,99.93,11,Emotional Buyer
U02149,36.07048795904606,Male,52873.77,30.65,2,2.73,39.9,66.24,Beauty,19.79,2,Window Shopper
U02150,23.130541022883317,Female,46394.14,27.07,9,5.85,39.59,254.13,Fashion,73.03,12,Impulsive Buyer
U02151,25.73883087536781,Female,72829.41,41.09,2,0.2,44.65,118.22,Fashion,27.11,1,Window Shopper
U02152,27.2507528123702,Male,50629.55,26.61,8,2.33,31.38,187.56,Fashion,55.65,9,Impulsive Buyer
U02153,31.300122346161256,Female,67106.56,43.37,0,3.03,37.57,115.13,Fashion,32.06,1,Luxury Shopper
U02154,38.80279423833211,Male,48866.75,46.13,2,3.49,18.83,92.99,Beauty,11.53,2,Window Shopper
U02155,30.46272916721897,Female,53490.8,25.72,3,8.22,67.75,127.03,Groceries,18.26,1,Budget Conscious
U02156,23.067090738756903,Male,52196.91,28.04,5,3.74,37.53,133.7,Beauty,100.0,9,Emotional Buyer
U02157,23.335530063017256,Male,30630.85,26.94,5,1.61,32.98,289.55,Fashion,68.1,18,Impulsive Buyer
U02158,30.85128073427921,Male,127291.06,22.47,1,8.22,22.17,579.2,Luxury,20.9,5,Luxury Shopper
U02159,35.778723119899205,Female,33578.73,26.13,2,9.33,73.93,102.89,Groceries,8.64,4,Budget Conscious
U02160,41.39423184542381,Male,50248.38,25.53,6,1.23,43.87,220.01,Fashion,56.2,6,Impulsive Buyer
U02161,32.590184563942174,Non-binary,62288.62,23.13,6,6.19,78.66,140.78,Groceries,18.63,0,Budget Conscious
U02162,41.60655439371641,Female,136857.55,28.48,4,10.47,9.87,354.38,Luxury,33.35,2,Luxury Shopper
U02163,54.56620120445867,Female,100178.66,28.46,6,5.81,18.45,267.21,Luxury,33.87,1,Luxury Shopper
U02164,42.32090735627098,Male,54619.28,14.37,6,13.85,78.83,73.3,Groceries,10.18,5,Budget Conscious
U02165,22.71127897055105,Female,62252.4,20.25,9,3.55,60.72,261.26,Fashion,96.6,6,Emotional Buyer
U02166,41.42667952720673,Male,129124.56,17.02,4,7.11,10.64,360.1,Luxury,1.22,7,Luxury Shopper
U02167,33.106190698216196,Male,31569.39,42.82,7,5.91,59.96,163.16,Beauty,91.25,5,Emotional Buyer
U02168,18.960612073178762,Female,27720.52,9.17,5,7.95,92.56,126.6,Groceries,24.9,2,Budget Conscious
U02169,35.02164111377093,Male,137338.47,16.28,5,8.28,0.0,348.84,Luxury,14.05,2,Luxury Shopper
U02170,35.61611037063185,Male,58885.2,30.69,5,9.71,71.56,121.5,Groceries,27.89,3,Budget Conscious
U02171,37.734176137933005,Female,50365.25,13.4,7,9.21,83.8,148.42,Groceries,11.38,5,Budget Conscious
U02172,39.503943098225506,Male,163841.78,10.06,3,11.4,2.69,508.35,Luxury,40.75,3,Luxury Shopper
U02173,22.18543858361623,Female,41336.04,12.75,3,9.72,76.59,47.36,Groceries,24.06,2,Budget Conscious
U02174,29.899864670300126,Female,61604.92,26.14,5,3.15,38.3,223.34,Fashion,100.0,12,Impulsive Buyer
U02175,42.14995676973966,Male,135308.11,14.61,5,11.39,30.88,371.8,Luxury,33.44,4,Luxury Shopper
U02176,20.61489894803239,Female,39412.33,23.23,5,9.37,68.48,85.64,Groceries,13.53,3,Budget Conscious
U02177,30.020597587526947,Male,61759.52,14.4,6,9.73,81.71,108.34,Home,8.66,2,Budget Conscious
U02178,37.95977228260251,Female,56645.95,37.33,8,6.6,53.01,177.31,Beauty,88.42,11,Emotional Buyer
U02179,57.754251000007315,Male,109066.53,15.34,6,10.64,17.14,316.68,Luxury,14.55,6,Luxury Shopper
U02180,26.134282648972686,Female,35719.51,22.71,10,4.18,54.17,202.37,Beauty,80.66,12,Emotional Buyer
U02181,21.523633865645944,Male,52828.08,43.58,2,0.6,26.91,85.34,Fashion,28.32,5,Window Shopper
U02182,34.825189561539794,Male,33123.72,24.78,2,3.33,34.21,205.13,Fashion,93.97,7,Emotional Buyer
U02183,37.39093108363108,Male,46993.67,18.73,9,4.44,39.75,193.2,Beauty,89.12,12,Emotional Buyer
U02184,27.96246959197802,Non-binary,59766.98,46.32,6,3.35,4.19,132.02,Fashion,64.87,9,Impulsive Buyer
U02185,32.0368386691348,Male,33945.1,25.86,0,12.9,78.56,34.99,Groceries,10.77,3,Budget Conscious
U02186,37.14648030751304,Male,36476.56,23.87,0,5.48,22.77,257.01,Electronics,52.94,12,Impulsive Buyer
U02187,28.56397030137569,Male,52274.92,34.41,4,7.42,39.96,157.11,Beauty,89.26,12,Emotional Buyer
U02188,38.51111222437572,Male,41314.65,12.51,2,14.95,90.17,160.52,Home,15.36,4,Budget Conscious
U02189,49.19197583016747,Male,102239.57,10.34,5,7.49,32.51,448.58,Luxury,12.05,4,Luxury Shopper
U02190,21.528664328288613,Male,52465.72,31.77,2,5.86,43.36,307.67,Fashion,88.56,5,Emotional Buyer
U02191,37.71620441021713,Female,79338.2,37.23,13,7.31,36.37,114.08,Electronics,63.06,12,Impulsive Buyer
U02192,27.8060487903318,Male,47442.7,21.44,0,8.38,90.42,95.07,Groceries,17.02,3,Budget Conscious
U02193,23.947505383005723,Male,60012.35,52.24,3,1.53,4.63,111.33,Beauty,22.26,2,Window Shopper
U02194,21.44864623460799,Female,49808.64,25.38,3,1.73,71.03,263.21,Fashion,71.87,14,Impulsive Buyer
U02195,30.42737496298073,Female,40158.96,21.15,6,8.13,80.58,157.53,Groceries,16.04,3,Budget Conscious
U02196,36.36893782175454,Non-binary,68755.61,24.61,6,1.5,40.72,222.13,Beauty,73.86,7,Emotional Buyer
U02197,26.052154528233455,Female,41416.57,23.59,2,3.43,10.81,250.15,Fashion,78.44,13,Impulsive Buyer
U02198,31.747130796282065,Female,47974.59,21.82,5,7.62,67.38,198.31,Groceries,0.0,1,Budget Conscious
U02199,41.17742549286866,Female,146052.18,13.42,4,12.69,31.02,496.19,Luxury,24.22,8,Luxury Shopper
U02200,24.301660217165434,Female,58865.39,31.87,0,2.18,23.32,102.29,Beauty,33.19,2,Window Shopper
U02201,31.333803840629905,Male,34208.37,44.39,3,8.13,27.97,153.67,Electronics,77.77,15,Impulsive Buyer
U02202,32.01954569857104,Male,55714.7,20.32,7,6.66,55.5,260.12,Fashion,85.05,12,Emotional Buyer
U02203,27.271240176635768,Non-binary,52537.95,12.12,2,5.22,47.26,286.25,Fashion,79.6,14,Emotional Buyer
U02204,22.970220211054947,Male,29945.17,36.48,9,5.76,31.79,223.0,Fashion,45.65,10,Impulsive Buyer
U02205,41.81476220639899,Male,139611.84,16.41,2,8.66,18.42,305.55,Luxury,11.5,3,Luxury Shopper
U02206,39.92533256673305,Female,38596.77,13.04,9,16.11,68.37,107.73,Home,11.07,3,Budget Conscious
U02207,26.68774643365825,Male,50553.18,41.62,1,3.76,34.25,51.71,Fashion,25.6,1,Window Shopper
U02208,46.584818443329915,Female,33403.92,12.79,4,8.26,70.03,178.94,Groceries,19.38,3,Budget Conscious
U02209,18.0,Female,84346.63,26.55,5,4.35,26.11,340.1,Electronics,56.56,14,Impulsive Buyer
U02210,27.02651008157247,Non-binary,72718.38,38.34,9,4.2,49.64,179.21,Fashion,92.0,16,Impulsive Buyer
U02211,22.365388488087696,Male,39753.95,31.4,6,7.47,38.75,78.41,Fashion,82.4,8,Emotional Buyer
U02212,22.4682484777553,Female,37953.09,21.94,4,11.91,73.9,145.3,Home,0.0,3,Budget Conscious
U02213,36.13173956535293,Male,61576.1,27.91,7,3.62,53.19,230.2,Fashion,100.0,8,Emotional Buyer
U02214,40.939841954256025,Male,48697.61,10.69,2,10.11,76.16,127.25,Home,26.5,5,Budget Conscious
U02215,43.19303537986546,Female,85379.49,35.44,8,3.69,29.25,217.94,Beauty,82.27,5,Emotional Buyer
U02216,23.70322584011823,Female,69207.15,29.9,8,6.97,18.06,221.65,Fashion,71.61,14,Impulsive Buyer
U02217,39.44342398427671,Female,45586.53,27.43,11,6.55,43.55,172.6,Fashion,77.92,9,Impulsive Buyer
U02218,23.876076297813327,Male,48894.97,36.45,5,5.73,51.16,305.86,Fashion,86.44,2,Emotional Buyer
U02219,33.616302731486755,Female,58968.36,23.45,9,2.33,33.09,163.83,Beauty,93.57,9,Emotional Buyer
U02220,40.933055095888996,Male,122773.92,25.87,6,10.06,32.61,386.29,Luxury,21.5,0,Luxury Shopper
U02221,47.550459620572354,Female,86903.53,22.34,5,12.1,22.65,436.64,Luxury,19.04,0,Luxury Shopper
U02222,33.85199590444947,Non-binary,38525.74,25.18,2,15.06,91.22,52.6,Groceries,22.94,5,Budget Conscious
U02223,40.598194943152464,Male,29303.38,21.54,4,7.6,84.14,59.08,Groceries,21.29,4,Budget Conscious
U02224,27.364087377762658,Male,76921.47,28.3,8,3.71,45.64,228.12,Electronics,85.75,13,Impulsive Buyer
U02225,59.1322942427311,Female,46686.09,26.58,7,2.9,25.95,255.7,Fashion,90.45,8,Emotional Buyer
U02226,36.92995523016936,Male,95783.14,15.02,8,13.17,7.71,407.05,Electronics,24.66,0,Luxury Shopper
U02227,18.0,Male,71238.18,49.43,6,2.06,7.16,86.13,Beauty,11.05,0,Window Shopper
U02228,23.760516317054865,Female,51829.65,42.0,6,3.48,68.61,81.88,Electronics,98.44,13,Impulsive Buyer
U02229,22.819644944346386,Female,41947.37,26.23,7,3.8,56.11,181.6,Electronics,66.24,11,Impulsive Buyer
U02230,33.966332206104966,Female,76631.06,54.6,3,2.3,38.78,73.06,Beauty,42.53,1,Window Shopper
U02231,31.725405154609614,Female,134358.47,26.02,5,9.09,13.58,461.91,Luxury,38.18,5,Luxury Shopper
U02232,27.141488473298235,Female,75574.35,43.75,0,3.41,17.92,106.02,Fashion,25.44,2,Window Shopper
U02233,18.0,Female,81879.81,36.44,8,3.11,28.95,212.72,Fashion,78.98,8,Luxury Shopper
U02234,32.76030823124821,Female,80726.55,23.52,8,3.9,39.29,181.32,Beauty,75.01,8,Emotional Buyer
U02235,32.09317453784676,Male,66099.19,45.62,0,1.34,76.58,180.44,Fashion,18.87,2,Window Shopper
U02236,23.637272391376495,Female,71557.74,31.43,4,1.84,59.5,238.17,Fashion,79.3,7,Emotional Buyer
U02237,20.60297164683383,Female,61063.03,22.27,12,3.21,37.84,301.7,Electronics,64.75,15,Impulsive Buyer
U02238,48.88999094824143,Male,131771.93,21.87,7,9.31,11.64,569.72,Luxury,38.28,1,Luxury Shopper
U02239,42.029993614053005,Female,76239.52,21.12,6,12.46,0.0,641.26,Luxury,20.17,1,Luxury Shopper
U02240,47.95020470423306,Female,39362.28,16.99,2,6.05,78.39,175.17,Groceries,11.32,3,Budget Conscious
U02241,46.74331614152836,Female,130434.6,18.97,3,11.92,14.66,445.81,Luxury,3.08,3,Luxury Shopper
U02242,36.55554751848665,Female,84544.49,27.16,9,4.34,30.01,118.17,Fashion,62.35,12,Impulsive Buyer
U02243,52.34996245199628,Male,93503.78,16.81,7,6.43,16.14,299.44,Luxury,25.45,6,Luxury Shopper
U02244,44.74788947601167,Female,151106.75,17.53,5,5.68,26.58,463.45,Electronics,39.28,6,Luxury Shopper
U02245,45.998561679292834,Female,121828.67,17.02,9,11.1,15.55,486.11,Luxury,23.56,5,Luxury Shopper
U02246,39.93039630789856,Non-binary,51667.43,37.92,7,4.84,40.93,200.98,Fashion,54.29,14,Impulsive Buyer
U02247,64.75618594209283,Male,110914.46,15.15,7,5.38,17.63,448.75,Luxury,24.48,4,Luxury Shopper
U02248,27.74121394443114,Female,36655.01,13.16,7,12.74,80.84,66.37,Groceries,14.4,4,Budget Conscious
U02249,43.417407871760574,Female,141312.22,11.91,2,4.7,0.22,534.34,Electronics,14.83,4,Luxury Shopper
U02250,34.71513025107494,Male,134225.49,20.29,2,8.44,24.46,631.37,Luxury,24.49,5,Luxury Shopper
U02251,40.10418041608535,Male,39665.56,15.31,1,11.19,90.58,108.95,Home,22.01,4,Budget Conscious
U02252,20.830959433184322,Male,88257.37,53.78,0,1.42,34.42,80.54,Beauty,17.89,1,Window Shopper
U02253,39.7917803551542,Female,142285.71,20.92,3,9.24,13.7,293.15,Luxury,14.63,1,Luxury Shopper
U02254,23.232357967824502,Female,43917.89,8.61,4,11.28,75.92,98.28,Home,5.42,5,Budget Conscious
U02255,25.24126869433515,Female,54555.5,28.68,7,3.08,25.01,260.67,Beauty,91.91,7,Emotional Buyer
U02256,35.003520246532005,Male,47437.68,22.54,2,12.67,97.56,71.71,Groceries,12.09,4,Budget Conscious
U02257,27.995019519528853,Male,47762.87,32.5,6,5.31,49.49,194.64,Beauty,78.81,5,Emotional Buyer
U02258,34.055509347449465,Female,65866.41,33.19,1,2.03,35.3,72.77,Beauty,34.66,3,Window Shopper
U02259,33.72316180576238,Male,42301.63,36.23,4,7.26,22.78,286.03,Electronics,49.3,18,Impulsive Buyer
U02260,30.874387600781432,Female,49098.07,16.59,7,10.16,67.83,103.83,Groceries,5.08,2,Budget Conscious
U02261,38.82753908953611,Male,49248.33,54.55,4,3.14,19.59,105.97,Beauty,24.48,3,Window Shopper
U02262,34.74372634087646,Male,49106.25,36.2,11,5.28,57.22,186.0,Beauty,70.96,13,Emotional Buyer
U02263,34.94327088076596,Female,35334.5,27.82,3,13.34,81.54,80.08,Groceries,29.02,5,Budget Conscious
U02264,28.16523307490648,Female,51078.59,25.75,8,3.7,53.87,158.72,Electronics,41.63,10,Impulsive Buyer
U02265,24.80819321049504,Male,38759.41,23.65,1,11.09,60.3,107.43,Home,15.78,4,Budget Conscious
U02266,24.345686951899143,Female,33814.04,37.66,10,5.06,43.9,169.18,Fashion,81.72,10,Impulsive Buyer
U02267,28.030783126660474,Male,56667.84,35.22,1,5.78,33.43,59.45,Beauty,30.09,5,Window Shopper
U02268,37.693009604361734,Female,54581.93,26.04,5,10.43,60.12,73.1,Groceries,26.7,3,Budget Conscious
U02269,24.609811906981655,Male,66634.24,55.78,1,2.08,0.0,79.01,Beauty,16.97,2,Window Shopper
U02270,35.4332198103044,Female,57211.96,24.38,9,5.51,70.93,207.92,Beauty,92.03,11,Emotional Buyer
U02271,47.94131803106415,Female,59862.4,25.44,2,10.41,59.71,143.46,Groceries,20.29,4,Budget Conscious
U02272,25.468685310006773,Female,57220.23,28.79,4,8.95,63.92,129.31,Groceries,26.46,6,Budget Conscious
U02273,33.98215379187412,Female,47317.01,33.78,0,2.79,27.21,103.81,Fashion,25.08,1,Window Shopper
U02274,25.303719296397208,Female,62194.26,23.52,4,4.41,48.94,267.82,Beauty,67.03,12,Emotional Buyer
U02275,44.5004802299743,Male,60617.94,45.23,10,4.06,37.23,319.35,Fashion,82.09,9,Emotional Buyer
U02276,22.748181974399852,Female,50491.45,39.22,9,4.87,33.79,123.66,Fashion,55.14,10,Impulsive Buyer
U02277,40.48482980054927,Female,37774.85,27.98,5,8.85,76.79,73.6,Home,17.81,2,Budget Conscious
U02278,55.233751374512096,Female,116724.94,9.93,2,6.27,4.01,410.86,Luxury,26.97,4,Luxury Shopper
U02279,35.24080687408552,Female,70105.32,35.31,8,6.44,28.31,334.54,Beauty,78.86,15,Emotional Buyer
U02280,34.303124310272935,Male,51674.6,39.02,0,0.2,46.11,132.3,Fashion,32.83,2,Window Shopper
U02281,42.31993211849662,Non-binary,45391.77,18.84,0,8.9,75.75,132.48,Groceries,7.19,4,Luxury Shopper
U02282,43.02235349617405,Female,73763.38,19.31,12,5.51,12.62,156.08,Fashion,87.19,11,Impulsive Buyer
U02283,33.50351024024465,Male,120848.78,15.78,7,7.74,23.45,605.52,Luxury,18.63,2,Luxury Shopper
U02284,33.49413906432395,Male,65053.58,46.22,0,3.47,10.52,90.15,Beauty,40.22,0,Window Shopper
U02285,27.35048525288764,Non-binary,67291.46,24.76,6,2.88,31.49,89.41,Fashion,54.49,12,Impulsive Buyer
U02286,39.232683722549545,Female,52738.62,33.15,11,3.34,14.32,143.68,Fashion,88.81,8,Impulsive Buyer
U02287,26.036545088943,Female,53694.83,27.22,6,3.79,51.79,245.4,Fashion,73.98,9,Emotional Buyer
U02288,33.449383939740734,Female,72502.67,51.69,0,2.31,36.27,57.98,Fashion,31.0,2,Window Shopper
U02289,38.11315816205731,Male,38512.73,37.98,6,7.21,25.34,156.77,Electronics,72.07,6,Impulsive Buyer
U02290,34.75990262058999,Male,111789.96,27.17,7,8.9,31.0,406.37,Electronics,27.14,3,Luxury Shopper
U02291,23.458289765374005,Male,32712.91,33.92,2,3.54,42.81,213.88,Fashion,98.64,9,Emotional Buyer
U02292,41.86220857070943,Female,40996.69,68.58,0,0.21,34.04,41.26,Beauty,15.59,2,Window Shopper
U02293,30.77168215723381,Male,49598.77,21.79,3,9.29,76.92,139.74,Groceries,26.14,3,Budget Conscious
U02294,51.03472293645795,Male,126421.26,25.29,4,6.72,21.81,528.68,Electronics,37.39,5,Luxury Shopper
U02295,42.049935874616125,Female,142806.26,8.4,5,12.72,28.43,523.52,Luxury,18.03,8,Luxury Shopper
U02296,20.85594716705886,Male,55987.89,28.83,10,6.74,26.17,192.42,Fashion,55.1,17,Impulsive Buyer
U02297,32.2664634973782,Female,56378.59,28.09,4,3.16,22.83,94.12,Fashion,32.98,0,Window Shopper
U02298,24.928085555108915,Male,69738.66,49.13,9,4.57,44.05,148.19,Electronics,85.78,10,Impulsive Buyer
U02299,25.81818708805999,Male,62528.39,30.69,7,8.64,49.04,156.84,Fashion,91.01,12,Impulsive Buyer
U02300,22.43848687397064,Male,64078.02,48.42,3,3.12,18.8,91.3,Fashion,26.08,1,Window Shopper
U02301,24.343490539165227,Non-binary,88711.16,25.24,7,3.34,54.6,239.87,Beauty,80.19,9,Emotional Buyer
U02302,33.40557516090267,Female,55143.11,39.44,0,0.73,20.31,80.32,Beauty,5.77,1,Window Shopper
U02303,45.51338317967281,Female,34574.23,13.72,4,8.72,77.67,154.99,Home,15.07,3,Emotional Buyer
U02304,29.74214940910383,Female,48386.31,9.95,6,9.31,100.0,155.87,Home,13.43,2,Budget Conscious
U02305,31.430594811162372,Female,60446.64,28.0,5,10.23,58.88,139.1,Groceries,30.24,5,Budget Conscious
U02306,40.337030685834186,Female,112334.94,27.41,2,9.1,0.65,573.89,Luxury,5.47,6,Luxury Shopper
U02307,27.794728207925655,Female,46267.11,22.75,0,9.02,60.42,147.28,Home,19.08,4,Budget Conscious
U02308,35.300862685886806,Female,35177.0,26.28,6,10.59,66.36,137.96,Groceries,26.54,4,Budget Conscious
U02309,30.619799636010626,Female,43635.72,16.16,3,7.42,70.67,115.55,Groceries,6.93,4,Budget Conscious
U02310,21.795063574284505,Female,55117.72,29.06,2,4.5,48.25,311.77,Fashion,65.87,10,Emotional Buyer
U02311,31.023428709506362,Male,69719.53,19.28,4,3.59,54.87,280.19,Beauty,80.27,10,Emotional Buyer
U02312,28.853809951276375,Female,54110.09,27.47,6,3.46,38.89,153.52,Fashion,61.25,14,Impulsive Buyer
U02313,48.144694081384195,Male,133694.23,19.14,3,10.87,14.36,616.72,Luxury,26.15,6,Luxury Shopper
U02314,26.167811750181233,Male,45038.78,29.19,7,6.17,54.78,167.38,Fashion,69.51,8,Impulsive Buyer
U02315,37.038230012580456,Male,106631.62,18.65,3,4.65,27.51,472.86,Luxury,25.86,3,Luxury Shopper
U02316,29.9546373589767,Female,77765.29,27.08,4,5.25,4.68,297.67,Luxury,27.7,6,Luxury Shopper
U02317,48.61120844663089,Female,64412.08,26.65,4,1.89,35.95,168.26,Fashion,67.17,15,Impulsive Buyer
U02318,24.131582666719616,Male,73422.93,40.53,1,3.5,22.0,88.87,Fashion,0.27,1,Window Shopper
U02319,41.1683247106784,Male,54704.98,30.57,4,8.16,92.26,125.47,Groceries,31.35,3,Budget Conscious
U02320,23.125199739809307,Female,52305.16,27.38,7,2.21,31.26,203.23,Beauty,80.43,11,Emotional Buyer
U02321,22.22478924643737,Female,19234.46,25.87,12,4.35,58.04,114.86,Fashion,77.13,18,Impulsive Buyer
U02322,30.91846242704126,Male,54913.6,24.32,5,2.44,66.79,188.41,Electronics,75.2,14,Impulsive Buyer
U02323,33.42796231084459,Female,27700.58,19.45,8,5.82,83.61,129.47,Groceries,18.67,6,Budget Conscious
U02324,33.15974965799035,Male,88083.53,43.78,3,5.62,26.42,255.5,Electronics,66.34,9,Impulsive Buyer
U02325,33.890430039560826,Female,124353.14,29.02,6,9.9,7.16,409.43,Electronics,21.6,1,Luxury Shopper
U02326,38.43569760268328,Female,35140.32,28.26,7,4.19,3.61,193.61,Beauty,78.67,14,Emotional Buyer
U02327,27.655142521698266,Male,37178.01,34.18,11,3.76,19.02,190.35,Fashion,59.44,8,Impulsive Buyer
U02328,27.660300125653002,Female,38531.68,35.33,9,4.62,42.64,180.69,Fashion,74.43,4,Impulsive Buyer
U02329,27.107980773907666,Male,32598.05,12.61,3,8.74,97.34,94.33,Home,31.52,5,Budget Conscious
U02330,40.02058888699035,Female,49334.68,15.33,0,6.48,75.6,136.42,Groceries,23.88,3,Budget Conscious
U02331,47.83303377397356,Female,55979.85,32.04,2,11.86,73.48,159.95,Groceries,21.22,2,Budget Conscious
U02332,41.976964187104386,Male,126543.24,25.59,5,11.55,9.32,674.97,Luxury,35.56,3,Luxury Shopper
U02333,29.364870511146833,Female,57517.04,21.05,4,4.09,52.07,198.99,Fashion,82.95,11,Emotional Buyer
U02334,24.64015083787394,Female,54430.8,31.8,9,6.43,27.4,204.97,Electronics,83.26,18,Impulsive Buyer
U02335,36.963513805151564,Male,29969.81,3.18,4,7.43,100.0,153.21,Home,14.85,3,Budget Conscious
U02336,30.257030289005908,Male,61182.29,47.9,0,3.0,23.25,139.15,Fashion,23.91,4,Window Shopper
U02337,42.087793592169675,Male,28775.99,27.91,6,4.53,10.23,244.29,Beauty,100.0,10,Emotional Buyer
U02338,39.48093188672329,Female,121532.47,18.69,9,5.49,22.66,353.19,Luxury,24.08,2,Luxury Shopper
U02339,50.69218745365853,Female,47488.8,16.56,6,4.48,41.19,113.59,Groceries,22.92,4,Budget Conscious
U02340,28.046311308616698,Male,42987.01,52.56,7,4.0,38.93,96.71,Fashion,71.36,15,Impulsive Buyer
U02341,34.52758623557907,Female,61197.46,44.39,10,5.15,21.84,173.66,Electronics,76.96,10,Impulsive Buyer
U02342,30.463827193598583,Female,71724.44,25.43,7,6.06,26.07,200.16,Electronics,61.19,7,Impulsive Buyer
U02343,27.8390382291252,Male,83842.91,50.19,2,4.52,43.01,128.96,Beauty,24.54,1,Window Shopper
U02344,36.302000080300864,Female,96589.5,7.33,6,9.22,17.26,477.06,Electronics,24.69,4,Luxury Shopper
U02345,37.901313591197635,Female,77654.56,33.33,0,1.75,16.03,73.51,Beauty,30.92,3,Window Shopper
U02346,32.86811586590966,Female,59237.15,30.51,6,2.72,53.61,111.97,Electronics,68.6,11,Impulsive Buyer
U02347,34.9902708531891,Female,50059.98,25.16,6,3.55,40.3,186.71,Beauty,90.75,3,Emotional Buyer
U02348,36.59535460327435,Male,71165.03,29.57,6,5.34,51.45,227.31,Beauty,76.13,7,Emotional Buyer
U02349,40.20454426716204,Male,66255.3,40.7,10,3.18,22.28,149.99,Fashion,90.88,12,Impulsive Buyer
U02350,32.89600016386131,Female,49610.59,31.02,11,6.43,51.42,157.56,Electronics,70.17,10,Impulsive Buyer
U02351,29.466185744346316,Female,98048.1,31.23,6,5.94,36.5,305.41,Fashion,81.41,17,Impulsive Buyer
U02352,37.2985203685312,Male,61524.21,24.9,5,3.76,48.91,221.56,Fashion,56.97,10,Emotional Buyer
U02353,29.323671900578734,Female,123039.64,8.1,10,7.33,8.03,279.73,Electronics,19.17,5,Luxury Shopper
U02354,36.10840987000215,Male,51357.83,38.85,3,14.25,81.37,95.14,Groceries,25.58,5,Budget Conscious
U02355,38.643654107885204,Male,34354.44,30.81,4,8.81,80.26,112.62,Groceries,18.28,2,Budget Conscious
U02356,42.39942670362233,Male,94645.39,45.18,1,3.13,57.78,120.85,Fashion,32.47,1,Window Shopper
U02357,37.14687371639056,Female,51568.76,16.23,4,13.33,95.88,82.92,Home,13.63,0,Budget Conscious
U02358,49.47897385427758,Non-binary,44974.24,13.47,6,8.03,64.35,92.19,Groceries,24.63,1,Budget Conscious
U02359,46.6489170641041,Female,66053.79,13.15,8,5.67,41.62,190.27,Fashion,92.62,7,Emotional Buyer
U02360,18.670901684928765,Non-binary,55974.8,34.67,11,5.84,3.32,277.69,Fashion,67.77,11,Impulsive Buyer
U02361,25.89577222426016,Male,78878.97,30.63,0,6.46,41.33,287.85,Beauty,65.35,7,Emotional Buyer
U02362,27.421097050010733,Male,50905.13,39.99,11,4.32,31.53,131.08,Electronics,77.48,15,Impulsive Buyer
U02363,49.13411700312287,Male,45441.46,7.91,4,12.81,67.97,162.81,Home,15.18,2,Budget Conscious
U02364,39.33539264147655,Male,64901.75,30.58,8,2.08,53.9,260.58,Beauty,80.49,11,Emotional Buyer
U02365,28.030381035232246,Female,57473.53,53.98,1,3.61,56.95,69.39,Fashion,17.79,1,Window Shopper
U02366,40.90194136146817,Female,53323.43,44.25,2,3.3,32.29,134.56,Beauty,11.58,0,Window Shopper
U02367,43.789339554039564,Male,123507.14,19.82,4,6.45,0.0,358.14,Luxury,9.03,5,Luxury Shopper
U02368,24.650735991166503,Male,18000.0,20.56,2,6.96,57.2,81.4,Home,25.09,3,Budget Conscious
U02369,52.20201282103484,Female,106479.19,23.01,9,9.78,30.38,523.63,Luxury,34.65,7,Luxury Shopper
U02370,41.02049167157804,Male,38720.26,21.81,5,9.23,52.68,163.55,Home,0.7,4,Budget Conscious
U02371,35.72695057669209,Male,42077.97,27.12,0,5.85,61.41,99.97,Home,18.21,3,Budget Conscious
U02372,37.85125708020253,Female,100879.91,15.01,6,6.85,6.95,476.3,Electronics,36.66,4,Luxury Shopper
U02373,35.70384248531986,Female,114458.88,16.14,6,6.41,2.08,418.27,Luxury,15.37,2,Luxury Shopper
U02374,31.924960449946017,Female,140903.07,14.34,2,6.4,0.0,394.22,Luxury,20.27,4,Luxury Shopper
U02375,39.15459278686634,Female,124698.24,15.96,4,4.59,16.82,300.92,Luxury,23.91,1,Luxury Shopper
U02376,25.677284160334484,Female,29043.31,25.44,10,4.47,20.2,160.33,Fashion,67.16,15,Impulsive Buyer
U02377,34.308405645695174,Female,33692.38,37.66,6,3.36,41.75,190.92,Fashion,82.4,10,Emotional Buyer
U02378,31.969591138525384,Female,37090.88,5.78,6,15.77,89.66,108.69,Groceries,12.73,5,Budget Conscious
U02379,31.43077665654938,Female,45313.62,31.4,9,3.95,50.4,181.8,Electronics,62.35,18,Impulsive Buyer
U02380,29.885388578864642,Male,48955.89,28.74,4,0.69,25.18,122.56,Fashion,15.25,3,Window Shopper
U02381,39.30522012511267,Female,53158.03,28.58,6,3.97,82.82,240.44,Fashion,81.39,6,Emotional Buyer
U02382,47.7601644153444,Non-binary,103171.72,24.07,5,8.83,16.83,495.87,Electronics,22.93,5,Luxury Shopper
U02383,25.596913495356745,Male,60009.05,44.87,10,6.15,33.21,259.49,Fashion,73.68,5,Impulsive Buyer
U02384,22.65543104705154,Male,38914.56,26.21,9,3.37,26.41,209.92,Fashion,73.3,10,Impulsive Buyer
U02385,23.369594377219787,Non-binary,19195.28,27.19,8,4.35,8.27,188.11,Electronics,84.5,12,Impulsive Buyer
U02386,36.065319567025796,Male,53039.34,34.23,1,2.48,22.53,110.33,Fashion,16.97,0,Window Shopper
U02387,31.8446365964027,Female,76334.91,25.66,10,4.65,32.88,235.27,Beauty,75.21,13,Emotional Buyer
U02388,18.57100907929896,Male,57015.98,25.62,15,5.39,78.89,206.12,Electronics,82.7,16,Impulsive Buyer
U02389,26.437723275658215,Female,68844.26,46.37,2,4.06,36.19,69.48,Fashion,30.36,2,Window Shopper
U02390,26.880439391036386,Male,62195.9,16.88,9,5.47,28.4,173.16,Fashion,100.0,15,Impulsive Buyer
U02391,23.14539115313295,Male,58466.1,12.36,5,10.23,94.51,106.0,Home,16.64,2,Budget Conscious
U02392,28.21100684373191,Female,69928.24,65.32,3,2.25,44.09,104.28,Beauty,19.92,3,Window Shopper
U02393,59.715785842155206,Female,123359.49,19.35,8,9.57,13.83,462.32,Luxury,11.29,3,Luxury Shopper
U02394,21.07784680428189,Non-binary,58338.17,25.88,9,3.7,49.47,264.97,Electronics,81.8,13,Impulsive Buyer
U02395,22.12531373197348,Female,45266.29,23.43,4,11.72,74.56,99.76,Groceries,22.39,2,Budget Conscious
U02396,40.54506012577232,Female,54057.8,25.64,2,2.33,25.77,29.58,Fashion,89.72,7,Emotional Buyer
U02397,46.029405646055295,Female,133495.8,21.07,5,8.91,24.32,359.44,Luxury,25.63,6,Luxury Shopper
U02398,20.09867133095064,Male,53734.29,28.66,10,3.62,26.47,175.8,Fashion,56.38,9,Impulsive Buyer
U02399,28.1796104127411,Male,28336.48,30.39,12,3.9,25.7,143.17,Electronics,87.61,7,Window Shopper
U02400,30.701416774965555,Male,33908.57,35.27,6,10.53,86.84,85.13,Groceries,7.27,2,Emotional Buyer
